"id", "title", "price", "meters", "rooms", "address", "area", "link"
"89197609", "Kapitalanlage die sich rechnet! 3- 4 Zimmer Souterrain-Wohnung fest vermietet in Bad-Cannstatt", "155000", "148", "4", "Bad Cannstatt, Stuttgart", "Bad Cannstatt", "http://www.immobilienscout24.de/expose/89197609"
"89196647", "Lichtdurchflutet", "460000", "102", "4", "Steinröhrenweg 59, Hausen, Stuttgart", "Hausen", "http://www.immobilienscout24.de/expose/89196647"
"89196242", "4-Zimmer Wohnung in zentraler Lage", "548000", "108", "4", "Ost, Stuttgart", "Ost", "http://www.immobilienscout24.de/expose/89196242"
"89195026", "!!DAS  RICHTIGE für KAP- ANLEGER!! tolle 2 Zimmer DG- Wohnung mitten in Stgt-West", "255000", "63", "2", "West, Stuttgart", "West", "http://www.immobilienscout24.de/expose/89195026"
"89191269", "Urlaubsflair das ganze Jahr – jeden Tag fröhlich und sanft erwachen !", "420000", "122", "5", "Obertürkheim, Stuttgart", "Obertürkheim", "http://www.immobilienscout24.de/expose/89191269"
"89188974", "Kapitalanleger aufgepasst - Beste Lage vermietete 35 Zimmerwohnung HMS 2 Stellplätze", "315000", "74", "3", "Sillenbuch, Stuttgart", "Sillenbuch", "http://www.immobilienscout24.de/expose/89188974"
"89186341", "Gemütliche 2 Zimmer-Whg. in gefragter Lage", "145000", "49", "2", "Bad Cannstatt, Stuttgart", "Bad Cannstatt", "http://www.immobilienscout24.de/expose/89186341"
"89180514", "Klug durchdachte 35-Zimmer Wohnung", "180000", "80", "4", "Bad Cannstatt, Stuttgart", "Bad Cannstatt", "http://www.immobilienscout24.de/expose/89180514"
"89179311", "* Seltene Gelegenheit ! Traumwohnung als Anlage *", "375000", "86", "3", "Botnang, Stuttgart", "Botnang", "http://www.immobilienscout24.de/expose/89179311"
"89179069", "* Penthouse im Justizviertel mit genialer Sonnenterrasse *", "510000", "88", "4", "Mitte, Stuttgart", "Mitte", "http://www.immobilienscout24.de/expose/89179069"
"89178922", "* Zentrale 2- Zimmer - Wohnung mit tollem Schnitt *", "149000", "52", "2", "Bad Cannstatt, Stuttgart", "Bad Cannstatt", "http://www.immobilienscout24.de/expose/89178922"
"89178270", "***Mitten im Stuttgarter-Westen***", "145000", "52", "2", "West, Stuttgart", "West", "http://www.immobilienscout24.de/expose/89178270"
"89176689", "Investieren Sie jetzt in Zukunft!", "116000", "24", "1", "Ost, Stuttgart", "Ost", "http://www.immobilienscout24.de/expose/89176689"
"89176160", "4-Zi.-Wohnung im 1. + 2. DG umfassend renoviert Aufzug G-Stellplatz Loggia 06", "689665", "115", "4", "Am Kräherwald 231, West, Stuttgart", "West", "http://www.immobilienscout24.de/expose/89176160"
"89174644", "Umfassend modernisierte 3-Zi-Wohnung in Aussichtslage G-Stellplatz gr. Balkon 04", "540365", "92", "3", "Am Kräherwald 231, West, Stuttgart", "West", "http://www.immobilienscout24.de/expose/89174644"
"89174422", "Ansprechende 25 Zimmer Wohnung mit sonnigem Balkon!", "162000", "55", "2", "Neugereut, Stuttgart", "Neugereut", "http://www.immobilienscout24.de/expose/89174422"
"89173577", "Bevorzugte Wohnlage im Stuttgarter Westen! Gut geschnittene 3-Zimmer-Altbauwohnung", "240000", "72", "3", "West, Stuttgart", "West", "http://www.immobilienscout24.de/expose/89173577"
"89172672", "94 m² große 2-Zi-Wohnung  G-Stellplatz Terrasse SNR Garten umfassend modernisiert 02", "541018", "94", "2", "Am Kräherwald 231, West, Stuttgart", "West", "http://www.immobilienscout24.de/expose/89172672"
"89171206", "Stuttgart-Degerloch: Schöne Aussichtslage + Stellplatz + Balkon", "250000", "77", "3", "Hoffeld, Stuttgart", "Hoffeld", "http://www.immobilienscout24.de/expose/89171206"
"89162774", "Repräsentative Architektenwohnung auf der Gänsheide", "775000", "134", "3", "Ost, Stuttgart", "Ost", "http://www.immobilienscout24.de/expose/89162774"
"89197609", "Kapitalanlage die sich rechnet! 3- 4 Zimmer Souterrain-Wohnung fest vermietet in Bad-Cannstatt", "155000", "148", "4", "Bad Cannstatt, Stuttgart", "Bad Cannstatt", "http://www.immobilienscout24.de/expose/89197609"
"89196647", "Lichtdurchflutet", "460000", "102", "4", "Steinröhrenweg 59, Hausen, Stuttgart", "Hausen", "http://www.immobilienscout24.de/expose/89196647"
"89196242", "4-Zimmer Wohnung in zentraler Lage", "548000", "108", "4", "Ost, Stuttgart", "Ost", "http://www.immobilienscout24.de/expose/89196242"
"89195026", "!!DAS  RICHTIGE für KAP- ANLEGER!! tolle 2 Zimmer DG- Wohnung mitten in Stgt-West", "255000", "63", "2", "West, Stuttgart", "West", "http://www.immobilienscout24.de/expose/89195026"
"89191269", "Urlaubsflair das ganze Jahr – jeden Tag fröhlich und sanft erwachen !", "420000", "122", "5", "Obertürkheim, Stuttgart", "Obertürkheim", "http://www.immobilienscout24.de/expose/89191269"
"89188974", "Kapitalanleger aufgepasst - Beste Lage vermietete 35 Zimmerwohnung HMS 2 Stellplätze", "315000", "74", "3", "Sillenbuch, Stuttgart", "Sillenbuch", "http://www.immobilienscout24.de/expose/89188974"
"89186341", "Gemütliche 2 Zimmer-Whg. in gefragter Lage", "145000", "49", "2", "Bad Cannstatt, Stuttgart", "Bad Cannstatt", "http://www.immobilienscout24.de/expose/89186341"
"89180514", "Klug durchdachte 35-Zimmer Wohnung", "180000", "80", "4", "Bad Cannstatt, Stuttgart", "Bad Cannstatt", "http://www.immobilienscout24.de/expose/89180514"
"89179311", "* Seltene Gelegenheit ! Traumwohnung als Anlage *", "375000", "86", "3", "Botnang, Stuttgart", "Botnang", "http://www.immobilienscout24.de/expose/89179311"
"89179069", "* Penthouse im Justizviertel mit genialer Sonnenterrasse *", "510000", "88", "4", "Mitte, Stuttgart", "Mitte", "http://www.immobilienscout24.de/expose/89179069"
"89178922", "* Zentrale 2- Zimmer - Wohnung mit tollem Schnitt *", "149000", "52", "2", "Bad Cannstatt, Stuttgart", "Bad Cannstatt", "http://www.immobilienscout24.de/expose/89178922"
"89178270", "***Mitten im Stuttgarter-Westen***", "145000", "52", "2", "West, Stuttgart", "West", "http://www.immobilienscout24.de/expose/89178270"
"89176689", "Investieren Sie jetzt in Zukunft!", "116000", "24", "1", "Ost, Stuttgart", "Ost", "http://www.immobilienscout24.de/expose/89176689"
"89176160", "4-Zi.-Wohnung im 1. + 2. DG umfassend renoviert Aufzug G-Stellplatz Loggia 06", "689665", "115", "4", "Am Kräherwald 231, West, Stuttgart", "West", "http://www.immobilienscout24.de/expose/89176160"
"89174644", "Umfassend modernisierte 3-Zi-Wohnung in Aussichtslage G-Stellplatz gr. Balkon 04", "540365", "92", "3", "Am Kräherwald 231, West, Stuttgart", "West", "http://www.immobilienscout24.de/expose/89174644"
"89174422", "Ansprechende 25 Zimmer Wohnung mit sonnigem Balkon!", "162000", "55", "2", "Neugereut, Stuttgart", "Neugereut", "http://www.immobilienscout24.de/expose/89174422"
"89173577", "Bevorzugte Wohnlage im Stuttgarter Westen! Gut geschnittene 3-Zimmer-Altbauwohnung", "240000", "72", "3", "West, Stuttgart", "West", "http://www.immobilienscout24.de/expose/89173577"
"89172672", "94 m² große 2-Zi-Wohnung  G-Stellplatz Terrasse SNR Garten umfassend modernisiert 02", "541018", "94", "2", "Am Kräherwald 231, West, Stuttgart", "West", "http://www.immobilienscout24.de/expose/89172672"
"89171206", "Stuttgart-Degerloch: Schöne Aussichtslage + Stellplatz + Balkon", "250000", "77", "3", "Hoffeld, Stuttgart", "Hoffeld", "http://www.immobilienscout24.de/expose/89171206"
"89162774", "Repräsentative Architektenwohnung auf der Gänsheide", "775000", "134", "3", "Ost, Stuttgart", "Ost", "http://www.immobilienscout24.de/expose/89162774"
"89162158", "S-Süd: Barrierefreies Wohnen mit Loft-Charakter + sofort bezugsfrei!", "559000", "160", "4", "Süd, Stuttgart", "Süd", "http://www.immobilienscout24.de/expose/89162158"
"89161435", "PROVISIONSFREI!!! 3-Zimmer-Wohnung in Stuttgart- Weilimdorf", "279000", "82", "3", "Krokodilweg 40, Bergheim, Stuttgart", "Bergheim", "http://www.immobilienscout24.de/expose/89161435"
"89161298", "Modernisierte 3-Zi.-DG-Wohnung mit Balkon und sep. Garage", "319000", "84", "3", "Heumaden, Stuttgart", "Heumaden", "http://www.immobilienscout24.de/expose/89161298"
"89158936", "LICHTDURCHFLUTET IM STUTTGARTER-SÜDEN", "229000", "63", "3", "Süd, Stuttgart", "Süd", "http://www.immobilienscout24.de/expose/89158936"
"89156445", "15-Zimmer-Eigentumswohnung mit Balkon in Stuttgart-Ost - Tiefgaragenbox und Einbauküche", "192000", "46", "1", "Ost, Stuttgart", "Ost", "http://www.immobilienscout24.de/expose/89156445"
"89154775", "Klasse 1-Zimmer-Appartement", "125000", "27", "1", "West, Stuttgart", "West", "http://www.immobilienscout24.de/expose/89154775"
"89150746", "Seltene Gelegenheit! Zentrumsnah und doch im Grünen", "249000", "75", "3", "Nord, Stuttgart", "Nord", "http://www.immobilienscout24.de/expose/89150746"
"89150086", "35 Zimmerwohnung * EG * Veranda * gehobene Klasse", "399000", "94", "3", "Süd, Stuttgart", "Süd", "http://www.immobilienscout24.de/expose/89150086"
"89148004", "Exklusive und lichtdurchflutete 3 1/2-Zimmer-Eigentumswohnung in STUTTGART", "835000", "165", "3", "Olgastraße 81, Mitte, Stuttgart", "Mitte", "http://www.immobilienscout24.de/expose/89148004"
"89142676", "Außergewöhnliche Wohnung in Aussichtslage Sonnenterrassen und Garage", "750000", "119", "4", "Süd, Stuttgart", "Süd", "http://www.immobilienscout24.de/expose/89142676"
"89142663", "Exklusive Eigentumswohnung in Aussichtslage", "895000", "145", "4", "Feuerbach, Stuttgart", "Feuerbach", "http://www.immobilienscout24.de/expose/89142663"
"89142597", "3 Zi. Wohnung im begehrten Stuttgarter-Westen", "205000", "70", "3", "West, Stuttgart", "West", "http://www.immobilienscout24.de/expose/89142597"
"89141865", "HAUS IM HAUS - Familien aufgepasst!", "325000", "88", "4", "Bad Cannstatt, Stuttgart", "Bad Cannstatt", "http://www.immobilienscout24.de/expose/89141865"
"89141251", "Kapitalanlage oder selber beziehen?", "145000", "49", "2", "Bad Cannstatt, Stuttgart", "Bad Cannstatt", "http://www.immobilienscout24.de/expose/89141251"
"89138974", "Stadtwohnung mittendrin - ansprechende & komfortable Wohnung im 3. Obergeschoss", "205000", "74", "2", "Ost, Stuttgart", "Ost", "http://www.immobilienscout24.de/expose/89138974"
"89138630", "Wohnen mitten im Leben – 4-Zimmer-Wohnung im 3. Obergeschoss (Wohnung-Nr. 25 Haus F)", "529700", "98", "4", "Birkenwaldstraße 41, Nord, Stuttgart", "Nord", "http://www.immobilienscout24.de/expose/89138630"
"89134667", "**Traumhaft schöne Dachgeschosswohnung mit Blick über die Stadt**", "1040000", "155", "4", "West, Stuttgart", "West", "http://www.immobilienscout24.de/expose/89134667"
"89134259", "Sonnige Lage: "Großzügige 6-Zi-Mais_Whg. und 3-Zi.Whg. mit 2 Garagen"", "910080", "246", "9", "Hofen, Stuttgart", "Hofen", "http://www.immobilienscout24.de/expose/89134259"
"89133960", "Gut geschnittene 35 Zimmer-Wohnung mit idyllischem Garten", "289000", "71", "3", "Weilimdorf, Stuttgart", "Weilimdorf", "http://www.immobilienscout24.de/expose/89133960"
"89128464", "2 zimmer wohnug zu verkaufen", "159000", "53", "2", "Welzweg 7, Mühlhausen, Stuttgart", "Mühlhausen", "http://www.immobilienscout24.de/expose/89128464"
"89126101", "sofort bezugsfertige neu ausgebaute Wohnung DG mit 2 Balkonen", "534000", "108", "2", "Steinpilzweg 31, Schönberg, Stuttgart", "Schönberg", "http://www.immobilienscout24.de/expose/89126101"
"89123987", "Kapitalanlage: Perfekt für eine WG - Rendite 5% - Zentrale Lage nahe S-Bahn.", "225000", "78", "3", "Bad Cannstatt, Stuttgart", "Bad Cannstatt", "http://www.immobilienscout24.de/expose/89123987"
"89121743", "Sehr gepflegte 35 Zimmer Wohnung", "569000", "134", "3", "Kaltental, Stuttgart", "Kaltental", "http://www.immobilienscout24.de/expose/89121743"
"89121498", "Traumwohnung im Herzen des Stuttgarter Westen / Keine Käuferprovision !", "655000", "156", "4", "West, Stuttgart", "West", "http://www.immobilienscout24.de/expose/89121498"
"89116463", "Tolle Wohnung für Paare oder Einzelpersonen", "169000", "50", "2", "Ost, Stuttgart", "Ost", "http://www.immobilienscout24.de/expose/89116463"
"89115586", "IMMO-DIREKT INFORMIERT: ***WOHNEN UND ARBEITEN***BÜROETAGE***STUTTGART-BAD CANNSTATTWEST***170 m²***", "400000", "170", "6", "Untertürkheim, Stuttgart", "Untertürkheim", "http://www.immobilienscout24.de/expose/89115586"
"89114151", "Denkmalgeschützte 3-Zimmer-Altbauwohnung in Stuttgart", "360000", "80", "3", "Süd, Stuttgart", "Süd", "http://www.immobilienscout24.de/expose/89114151"
"89113239", "Ladenlokal mit Bad und Kochnische", "135000", "43", "2", "Eugenstraße 9, Mitte, Stuttgart", "Mitte", "http://www.immobilienscout24.de/expose/89113239"
"89113080", "SCHÖNES LEHENVIERTEL ! 2 -ZI.-WOHNUNG IM EG", "175000", "42", "2", "Süd, Stuttgart", "Süd", "http://www.immobilienscout24.de/expose/89113080"
"89110673", "Tolle Wohnung im Herzen von Stuttgart für Singles oder Pärchen!", "179000", "55", "2", "Ost, Stuttgart", "Ost", "http://www.immobilienscout24.de/expose/89110673"
"89109618", "familienfreundliche 45 Zimmer-Neubauwohnung mit großem Balkon in Stuttgart-Botnang", "569900", "106", "4", "Himmerreichstr. 37, Botnang, Stuttgart", "Botnang", "http://www.immobilienscout24.de/expose/89109618"
"89107382", "Helle schnuckelige Dreizimmerwohnung im Zentrum von Bad Cannstatt zu verkaufen!", "144000", "57", "3", "Bad Cannstatt, Stuttgart", "Bad Cannstatt", "http://www.immobilienscout24.de/expose/89107382"
"89104862", "Vermietete 3 Zimmer-Wohnung in guter Lage von Bad Cannstatt!", "209000", "75", "3", "Bad Cannstatt, Stuttgart", "Bad Cannstatt", "http://www.immobilienscout24.de/expose/89104862"
"89104574", "Charmante Altbauwohnung nahe Kurpark", "170000", "52", "2", "Bad Cannstatt, Stuttgart", "Bad Cannstatt", "http://www.immobilienscout24.de/expose/89104574"
"89103022", "Neubau einer hochwertigen 4 Zimmer Wohnung mit Gartenanteil", "546000", "112", "4", "Imkerstrasse 16 - 18, Stammheim, Stuttgart", "Stammheim", "http://www.immobilienscout24.de/expose/89103022"
"89102122", "Top-Lage (Mineralbäder/Villa Berg)! Die freie EG-Etagenwohnung mit Stellplatz!", "250000", "70", "3", "Ost, Stuttgart", "Ost", "http://www.immobilienscout24.de/expose/89102122"
"89100643", "++ WOHNEN IN STUTTGART-RIEDENBERG ++ 3 ZIMMER MIT TERRASSE UND GARTENANTEIL ++ TG-STELLPLATZ ++", "235000", "83", "3", "Riedenberg, Stuttgart", "Riedenberg", "http://www.immobilienscout24.de/expose/89100643"
"89099103", "Erdgeschosswohnung barrierefrei mit Terrasse", "150000", "67", "3", "Fasanenhof, Stuttgart", "Fasanenhof", "http://www.immobilienscout24.de/expose/89099103"
"89090648", "Schöne und gepflegte Altbauwohnung in zentraler Lage in Stuttgart ohne Maklerprovision!!!", "277000", "75", "3", "Böheimstr. 29, Süd, Stuttgart", "Süd", "http://www.immobilienscout24.de/expose/89090648"
"89089551", "2 Zimmer Wohnung in Stuttgart Süd im neu renoviertem Haus", "215000", "50", "2", "Böcklerstraße 17, Süd, Stuttgart", "Süd", "http://www.immobilienscout24.de/expose/89089551"
"89089214", "Neubau einer hochwertigen 2 Zimmer Penthouse Wohnung", "432000", "82", "2", "Imkerstrasse 16 - 18, Stammheim, Stuttgart", "Stammheim", "http://www.immobilienscout24.de/expose/89089214"
"89088908", "Neubau einer hochwertigen 4 Zimmer Penthouse-Wohnung", "743000", "143", "4", "Imkerstrasse 16 - 18, Stammheim, Stuttgart", "Stammheim", "http://www.immobilienscout24.de/expose/89088908"
"89081537", "sonnige Wohnung mit Balkon in ruhiger Lage", "430000", "106", "3", "Buchfinkenweg 8, Vaihingen, Stuttgart", "Vaihingen", "http://www.immobilienscout24.de/expose/89081537"
"89081498", "super Lage tolle Aussicht- 3 Zi. mit Bakon neu saniert", "485000", "103", "3", "Neue Strasse 137, Ost, Stuttgart", "Ost", "http://www.immobilienscout24.de/expose/89081498"
"89080370", "Sonnige 2-Zi-Whg. mit 114m² Garten und TG-Stellplatz in S-Riedenberg", "210000", "50", "2", "Käthe-Loewenthal-Straße 8, Riedenberg, Stuttgart", "Riedenberg", "http://www.immobilienscout24.de/expose/89080370"
"89079591", "Frei!Firstclass Stil-EinheitAltbau neubaugleichCity:StuckParkettDecke hochFachwerk offenTL-Bad", "260000", "60", "2", "Katharinenstr. 13, Mitte, Stuttgart", "Mitte", "http://www.immobilienscout24.de/expose/89079591"
"89075254", "35-Zi.-Dachgeschoss-Whg. KfW 70 m. großer Dachterrasse Provisionfrei", "395000", "94", "3", "Giebel, Stuttgart", "Giebel", "http://www.immobilienscout24.de/expose/89075254"
"89073301", "Möblierte Studentenwohnung in Stuttgart-Hedelfingen", "235000", "87", "4", "Hedelfingen, Stuttgart", "Hedelfingen", "http://www.immobilienscout24.de/expose/89073301"
"89071224", "HHL! Freies 1 Fam. Haus in Toplage Stuttgarts mit Balkon Garten und 3 Garagen", "780000", "150", "6", "Nord, Stuttgart", "Nord", "http://www.immobilienscout24.de/expose/89071224"
"89070553", "3..2..1 ..meins - Luxus 4 Zi. Whg. 100qm 2 Balkone - bezugsfrei", "358000", "100", "4", "Dürrlewang, Stuttgart", "Dürrlewang", "http://www.immobilienscout24.de/expose/89070553"
"89068950", "Cityoase: sanierte 3- Zimmer Parterre Wohnung in S- Ost", "305000", "84", "3", "Mitte, Stuttgart", "Mitte", "http://www.immobilienscout24.de/expose/89068950"
"89068836", "PROVISIONSFREI! Gut vermietete 3-Zimmer-Wohnung im frisch sanierten 5-Familienhaus.", "267000", "85", "3", "Schlierseestraße 58, Hofen, Stuttgart", "Hofen", "http://www.immobilienscout24.de/expose/89068836"
"89068792", "Neuwertige Atelierwhg. (BJ 2012) im DG mit Aufzug in gefragter Lage!", "460000", "96", "4", "Riedenberg, Stuttgart", "Riedenberg", "http://www.immobilienscout24.de/expose/89068792"
"89068715", "PROVISIONSFREI! Die perfekte Kapitalanlage im frisch sanierten 5-Familienhaus mit guter Rendite*", "269000", "85", "3", "Schlierseestraße 58, Hofen, Stuttgart", "Hofen", "http://www.immobilienscout24.de/expose/89068715"
"89067068", "Helle und großzügige 3-Zimmer-Wohnung mit zwei Balkonen und ruhiger Lage von Vaihingen", "259000", "74", "3", "Vaihingen, Stuttgart", "Vaihingen", "http://www.immobilienscout24.de/expose/89067068"
"89065396", "Schöne 2 Zi. Wohnung mit zwei Balkonen in Stuttgart-Mühlhausen", "159000", "52", "2", "Welsweg 7, Mönchfeld, Stuttgart", "Mönchfeld", "http://www.immobilienscout24.de/expose/89065396"
"89057851", "Direkt vom Inhaber ohne Maklerkosten im Gerbervirtel von Stuttgart", "280000", "64", "3", "Süd, Stuttgart", "Süd", "http://www.immobilienscout24.de/expose/89057851"
"89056853", "Attraktive 3 Zimmer-Wohnung mit Garten", "679000", "151", "3", "Schönberg, Stuttgart", "Schönberg", "http://www.immobilienscout24.de/expose/89056853"
"89056821", "Seltenheit! Hohe Decken viel Stuck... Altbauetage im beliebten Westen", "823000", "175", "5", "West, Stuttgart", "West", "http://www.immobilienscout24.de/expose/89056821"
"89056766", "Moderne 4 - Zimmer - Wohnung mit Dachgarten", "390000", "99", "4", "Rotenwaldstraße 72, West, Stuttgart", "West", "http://www.immobilienscout24.de/expose/89056766"
"89056643", "Sonnige Dachgalerie mit Blick über die Dächer Stuttgarts", "315000", "67", "3", "Rotenwaldstraße 72, West, Stuttgart", "West", "http://www.immobilienscout24.de/expose/89056643"
"89056599", "4 Zimmerwohnung mit Balkon und Garage", "255000", "83", "4", "Stammheim, Stuttgart", "Stammheim", "http://www.immobilienscout24.de/expose/89056599"
"89056347", "Sanierte 4-Zimmer Wohnung+++Beliebte Lage", "430000", "140", "4", "Bad Cannstatt, Stuttgart", "Bad Cannstatt", "http://www.immobilienscout24.de/expose/89056347"
"89056235", "Leben und Arbeiten in modernem Ambiente", "490000", "130", "5", "Rotenwaldstraße 72, West, Stuttgart", "West", "http://www.immobilienscout24.de/expose/89056235"
"89056117", "Schöne Kapitalanlage mit Perspektive!", "211000", "58", "2", "Feuerbacher-Tal-Straße 19, Feuerbach, Stuttgart", "Feuerbach", "http://www.immobilienscout24.de/expose/89056117"
"89056114", "Apartment mit Garten und eigenem Eingang", "85000", "33", "1", "Rotenwaldstraße 72, West, Stuttgart", "West", "http://www.immobilienscout24.de/expose/89056114"
"89055893", "familienfreundliche 45 Zimmer-Neubau DG-Maisonette in Stuttgart-Botnang", "609900", "110", "4", "Himmerreichstr. 37, Botnang, Stuttgart", "Botnang", "http://www.immobilienscout24.de/expose/89055893"
"89052558", "Gesucht gefunden!", "89000", "34", "1", "Münster, Stuttgart", "Münster", "http://www.immobilienscout24.de/expose/89052558"
"89051337", "*Geldanlage / spätere Eigennutzung?* 25 Zimmer EBK Balkon", "230000", "66", "2", "West, Stuttgart", "West", "http://www.immobilienscout24.de/expose/89051337"
"89050182", "*** Wohnen am Europaplatz: 4 Zimmer-Wohnung mit Fernblick! ***", "215000", "85", "4", "Fasanenhof, Stuttgart", "Fasanenhof", "http://www.immobilienscout24.de/expose/89050182"
"89050163", "familienfreundliche 35 Zimmer-Neubauwohnung mit großem Garten in Stuttgart-Botnang", "469900", "91", "3", "Himmerreichstr. 37, Botnang, Stuttgart", "Botnang", "http://www.immobilienscout24.de/expose/89050163"
"89049550", "Flair Vielfalt Faszination - Geräumiges Wohnen in zentraler Lage.", "379000", "108", "4", "Ost, Stuttgart", "Ost", "http://www.immobilienscout24.de/expose/89049550"
"89048709", "Barrierefreies Wohnen! 4- bis 5-Zimmerwohnung mit großem Südbalkon im Zentrum von Möhringen", "1060000", "170", "4", "Möhringen, Stuttgart", "Möhringen", "http://www.immobilienscout24.de/expose/89048709"
"89048406", "Kapitalanlage sucht neuen Eigentümer", "242500", "61", "3", "Süd, Stuttgart", "Süd", "http://www.immobilienscout24.de/expose/89048406"
"89047549", "Attraktive Jugendstil-Wohnung in citynaher Lage", "495000", "120", "4", "Süd, Stuttgart", "Süd", "http://www.immobilienscout24.de/expose/89047549"
"89047540", "4 1/2-Zimmer-ETW renoviert modernisiert", "329000", "112", "4", "Asemwald, Stuttgart", "Asemwald", "http://www.immobilienscout24.de/expose/89047540"
"89046683", "Helle großzügige 3-Zimmer-Wohnung in Stuttgart mit Balkon. Atemberaubender Ausblick!", "275000", "93", "3", "Neugereut, Stuttgart", "Neugereut", "http://www.immobilienscout24.de/expose/89046683"
"89046512", "Elegante & gleichzeitig gemütliche Dachgeschoss-Wohnung auf zwei Ebenen", "1315000", "180", "5", "Ost, Stuttgart", "Ost", "http://www.immobilienscout24.de/expose/89046512"
"89040977", "Gutgeschnittene 3-Zimmer Wohnung in Stuttgart Ost ++ mit super Anbindung", "238000", "84", "3", "Ost, Stuttgart", "Ost", "http://www.immobilienscout24.de/expose/89040977"
"89039051", "Geräumiges Apartment mit Garten - Loft-Charakter", "235000", "57", "1", "Rotenwaldstraße 72, West, Stuttgart", "West", "http://www.immobilienscout24.de/expose/89039051"
"89038833", "Ruhig  Grün und tolle Aussicht ! Sofort beziehbare 35 DG - Wohnung .", "169000", "61", "3", "Am Bergheimerhof 25, Bergheim, Stuttgart", "Bergheim", "http://www.immobilienscout24.de/expose/89038833"
"89038351", "Idylle pur !! Richtig schöne Wohnung mit Balkon", "179000", "74", "3", "Bergheim, Stuttgart", "Bergheim", "http://www.immobilienscout24.de/expose/89038351"
"89036326", "Gut geschnittene 15-Zimmer-Wohnung mit sonniger Terrasse", "169000", "56", "1", "Möhringen, Stuttgart", "Möhringen", "http://www.immobilienscout24.de/expose/89036326"
"89034867", "3-Zimmer-Wohnung in beliebter und ruhiger Wohnlage von Stuttgart-West", "360000", "76", "3", "West, Stuttgart", "West", "http://www.immobilienscout24.de/expose/89034867"
"89034364", "Top renovierte 3-Zimmer Wohnung in sehr begehrter Wohnlage – Zentrumsnah", "215000", "68", "3", "Ost, Stuttgart", "Ost", "http://www.immobilienscout24.de/expose/89034364"
"89032750", "Gepflegte 35-Zimmer-Wohnung mit Westloggia in Botnang", "329000", "97", "3", "Botnang, Stuttgart", "Botnang", "http://www.immobilienscout24.de/expose/89032750"
"89031590", "WOHNUNG MIT 62 m² WOHNFLÄCHE (inkl. Balkon/Terrasse)", "104000", "62", "3", "Hackstr. XX, Ost, Stuttgart", "Ost", "http://www.immobilienscout24.de/expose/89031590"
"89026607", "Schicke 2006 kernsanierte 3 Zimmer WHG. MIT BALKON – im begehrten Stuttgarter Süden", "320000", "80", "3", "Süd, Stuttgart", "Süd", "http://www.immobilienscout24.de/expose/89026607"
"89022541", "Wohnen mitten im Leben – 4-Zimmer-Wohnung im 4. Obergeschoss (Wohnung-Nr. 27 Haus F)", "518200", "92", "4", "Birkenwaldstraße 41, Nord, Stuttgart", "Nord", "http://www.immobilienscout24.de/expose/89022541"
"89018921", "Zwangsversteigerung Eigentumswohnung in 70327 Stuttgart Nähterstraße", "95000", "50", "2", "Wangen, Stuttgart", "Wangen", "http://www.immobilienscout24.de/expose/89018921"
"89017885", "Schicke 2 Zimmerwohnung im 2. OG", "165000", "51", "2", "Bad Cannstatt, Stuttgart", "Bad Cannstatt", "http://www.immobilienscout24.de/expose/89017885"
"89014503", "Gutgeschnittene 3-Zimmerwohnung mit Renovierungsbedarf in verkehrsgünstiger Lage von Stuttgart", "170000", "70", "3", "Nord, Stuttgart", "Nord", "http://www.immobilienscout24.de/expose/89014503"
"89014457", "Echte Alternative zur Erdgeschosswohnung! Freistehendes 1-Familien-Haus - Wohnen auf einer Ebene", "698000", "100", "4", "Rohr, Stuttgart", "Rohr", "http://www.immobilienscout24.de/expose/89014457"
"89013145", "RUHEOASE IN STADTMITTE", "590000", "107", "4", "Mitte, Stuttgart", "Mitte", "http://www.immobilienscout24.de/expose/89013145"
"89012646", "Helle 35 Zi Maisionette Wohnung Stg Kräherwald provisionsfrei", "437000", "84", "3", "Am Kräherwald 85, Nord, Stuttgart", "Nord", "http://www.immobilienscout24.de/expose/89012646"
"89011380", "Schöne Altbauwohnung in Stuttgart-Mitte", "550000", "112", "3", "Mitte, Stuttgart", "Mitte", "http://www.immobilienscout24.de/expose/89011380"
"89010096", "35 Zimmerwohnung in Stuttgart - Asemwald - 17. Stock", "250000", "80", "3", "Im Asemwald 12/17, Asemwald, Stuttgart", "Asemwald", "http://www.immobilienscout24.de/expose/89010096"
"89009960", "**KILLESBERGHÖHE: Sonnendurchflutetes Penthouse mit separatem Mini-Apartment**", "2180000", "192", "5", "Nord, Stuttgart", "Nord", "http://www.immobilienscout24.de/expose/89009960"
"89009273", "3 Zimmerwohnung in Zentrums- und Bahnhofsnähe von Stuttgart-Vaihingen", "275000", "72", "3", "Vaihingen, Stuttgart", "Vaihingen", "http://www.immobilienscout24.de/expose/89009273"
"89008481", "3-Zi WHG S-Dürrlewang sehr gute Lage sofort frei EUR 252.000", "252000", "76", "3", "Dürrlewang, Stuttgart", "Dürrlewang", "http://www.immobilienscout24.de/expose/89008481"
"89004710", "Interessante Kapitalanlage: Helle zentral gelegene 2-Zimmer-Wohnung nahe zur U-Bahn", "125000", "55", "2", "Stammheim, Stuttgart", "Stammheim", "http://www.immobilienscout24.de/expose/89004710"
"89004604", "Ideale Kapitalanlage: Helle ruhig gelegene 2-Zimmer-Wohnung im 2. OG mit Aufzug Balkon und TG", "175000", "68", "2", "Möhringen, Stuttgart", "Möhringen", "http://www.immobilienscout24.de/expose/89004604"
"89003489", "Luxus-Design-Wohnung inklusive Einrichtung!", "770000", "89", "3", "Nord, Stuttgart", "Nord", "http://www.immobilienscout24.de/expose/89003489"
"89002941", "Großzügige 2-Zimmerwohnung mit Einbauküche in ruhiger grüner Wohnlage", "229000", "74", "2", "Möhringen, Stuttgart", "Möhringen", "http://www.immobilienscout24.de/expose/89002941"
"88999941", "Schöner Altbau in guter ruhiger und zentraler Lage nähe Hbf in Stuttgart Nord.", "208000", "43", "2", "Nord, Stuttgart", "Nord", "http://www.immobilienscout24.de/expose/88999941"
"88997916", "Sein Geld gut angelegt:1-Zimmerwohnung in gepflegter Wohnanlagen -  Nähe Max-Eyht-See (Stuttgart-...", "85000", "34", "1", "Hofen, Stuttgart", "Hofen", "http://www.immobilienscout24.de/expose/88997916"
"88997913", "Zur Kapitalanlage oder späteren Eigennutzung: 3- Zimmerwohnung in Bad Cannstatt", "140000", "60", "3", "Bad Cannstatt, Stuttgart", "Bad Cannstatt", "http://www.immobilienscout24.de/expose/88997913"
"88992148", "Exklusive Wohnung im Dachswald (mit neuen Mödel auf Wunsch)", "420000", "80", "3", "Vaihingen, Stuttgart", "Vaihingen", "http://www.immobilienscout24.de/expose/88992148"
"88986964", "Von Privat! Hochwertige 3 Zimmerwohnung mit EBK und großem Balkon", "259000", "80", "3", "Freiberg, Stuttgart", "Freiberg", "http://www.immobilienscout24.de/expose/88986964"
"88985567", "Schicke Altbauwohnung in zentraler Lage in Stuttgart mit Balkon - renoviert", "335000", "98", "3", "Nord, Stuttgart", "Nord", "http://www.immobilienscout24.de/expose/88985567"
"88985563", "Charmante 3-Zimmer-Wohnung in Stuttgart-Ost", "235000", "75", "3", "Ost, Stuttgart", "Ost", "http://www.immobilienscout24.de/expose/88985563"
"88983544", "Grundbuch statt Sparbuch: Studenten-City-Appartement + voll möbliert + gute Lage!", "115000", "17", "1", "Bad Cannstatt, Stuttgart", "Bad Cannstatt", "http://www.immobilienscout24.de/expose/88983544"
"88982838", "2-Zimmerwohnung mit 56 m² Wohnfläche", "130000", "56", "2", "Reinsburgstr. x, West, Stuttgart", "West", "http://www.immobilienscout24.de/expose/88982838"
"88972291", "Schöne 2-Zi.-Wohnung im beliebten Lehenviertel!", "198000", "51", "2", "Süd, Stuttgart", "Süd", "http://www.immobilienscout24.de/expose/88972291"
"88972191", "Ruhige Randlage", "340000", "117", "4", "Möhringen, Stuttgart", "Möhringen", "http://www.immobilienscout24.de/expose/88972191"
"88971962", "TOP Wohnung mit Balkon", "279000", "72", "3", "Heumaden, Stuttgart", "Heumaden", "http://www.immobilienscout24.de/expose/88971962"
"88971275", "Wunderschöne Eigentumswohnung mitten in Stuttgart-West", "345000", "109", "3", "Rotebühlstrasse 139, West, Stuttgart", "West", "http://www.immobilienscout24.de/expose/88971275"
"88963870", "Klassischer Altbau im Stuttgarter Süden - ruhig gelegen", "320000", "84", "3", "Süd, Stuttgart", "Süd", "http://www.immobilienscout24.de/expose/88963870"
"88962415", "WOHNUNG MIT 56.2 m² WOHNFLÄCHE", "130000", "56", "2", "Reinsburgstr. XX, West, Stuttgart", "West", "http://www.immobilienscout24.de/expose/88962415"
"88960062", "Wohnung in Stuttgart Bopser", "428000", "92", "3", "Mitte, Stuttgart", "Mitte", "http://www.immobilienscout24.de/expose/88960062"
"88954996", "4 Zimmer Neubau in ausgezeichneter Architektur mit Balkon", "574000", "117", "4", "Imkerstrasse 16 - 18, Stammheim, Stuttgart", "Stammheim", "http://www.immobilienscout24.de/expose/88954996"
"88951685", "++ Sonnig &amp; ruhig gelegen - schöne 3-Zi.- Wohnung mit gr. Hobbyraum &amp; TG-Stellpl. ++", "275000", "74", "3", "Rohr, Stuttgart", "Rohr", "http://www.immobilienscout24.de/expose/88951685"
"88947410", "Top sanierte 4-Zimmerwohnung in ruhiger und weitläufiger guter Wohnlage in Stuttgart-Heumaden", "398000", "93", "4", "Heumaden, Stuttgart", "Heumaden", "http://www.immobilienscout24.de/expose/88947410"
"88944512", "Schickes neu renoviertes Appartement in Halbhöhenlage", "139000", "40", "1", "Ost, Stuttgart", "Ost", "http://www.immobilienscout24.de/expose/88944512"
"88937518", "S-Vaihingen:Traumhafte Galerie-Wohnung mit Dachloggia und herrlicher Fernsicht***", "349000", "92", "3", "Vaihingen, Stuttgart", "Vaihingen", "http://www.immobilienscout24.de/expose/88937518"
"88935065", "5-Zi.-ETW in kleinem 4-FH mit großer Terrasse Garten und TG-Stellplatz", "729000", "146", "5", "Riedenberg, Stuttgart", "Riedenberg", "http://www.immobilienscout24.de/expose/88935065"
"88931370", "Ein Traum exklusive Neubau Penthouse-Loft --lichtdurchflutet--große Dachterrasse--", "534000", "108", "2", "Steinpilzweg 31, Schönberg, Stuttgart", "Schönberg", "http://www.immobilienscout24.de/expose/88931370"
"88916355", "Tolle geräumige 4-Zimmerwohnung", "399000", "124", "4", "Mitte, Stuttgart", "Mitte", "http://www.immobilienscout24.de/expose/88916355"
"88911796", "*** Grundbuch statt Sparbuch*** Möbilierte 3-Zimmer DG-Wohnung***", "174000", "70", "3", "Weilimdorf, Stuttgart", "Weilimdorf", "http://www.immobilienscout24.de/expose/88911796"
"88911268", "Helle 15 Zi.-Whg. (renovierungsbedürftig mit Balkon - ca. 35qm) in Stuttgart - Ost", "79950", "35", "1", "Ost, Stuttgart", "Ost", "http://www.immobilienscout24.de/expose/88911268"
"88904870", "2 Zi + 1 Zi Wohnung als solide Kapitalanlage", "259000", "89", "3", "Feuerbacher-Tal-Str. 75, Feuerbach, Stuttgart", "Feuerbach", "http://www.immobilienscout24.de/expose/88904870"
"88903800", "Helle 25 Zi.-Terrassenwohnung mit Traumgarten und TG-Stellplatz  in S-Ost", "215000", "60", "2", "Ost, Stuttgart", "Ost", "http://www.immobilienscout24.de/expose/88903800"
"88897062", "Das Haus im Haus- eine ganz besondere Wohnung mit viel Licht und noch mehr Charme", "749000", "140", "5", "Heumaden, Stuttgart", "Heumaden", "http://www.immobilienscout24.de/expose/88897062"
"88896798", "2-Zimmer-Wohnung mit Balkon mitten in der Stuttgarter City", "253000", "55", "2", "Süd, Stuttgart", "Süd", "http://www.immobilienscout24.de/expose/88896798"
"88895682", "3-Zimmer-Eigentumswohnung *neu renoviert* mit PKW-Stellplatz in Stuttgart Bad Cannstatt", "196000", "70", "3", "Schmidener Straße 96, Bad Cannstatt, Stuttgart", "Bad Cannstatt", "http://www.immobilienscout24.de/expose/88895682"
"88891094", "Wohnen direkt am Naturschutzgebiet", "244000", "85", "4", "Hoffeld, Stuttgart", "Hoffeld", "http://www.immobilienscout24.de/expose/88891094"
"88884283", "Frisch renovierte - helle Whg. inklusive Terrasse mit Garten", "169000", "61", "3", "Freihofstraße 59, Stammheim, Stuttgart", "Stammheim", "http://www.immobilienscout24.de/expose/88884283"
"88882394", "Südhanglage mit Fernsicht und viel Platz", "435000", "124", "4", "Vaihingen, Stuttgart", "Vaihingen", "http://www.immobilienscout24.de/expose/88882394"
"88873712", "HHL-WEST | Sehr attraktive hochwertige 3-4 Zi. Wohnetage ca. 117 qm Wiga Terrasse Garten  +++", "649000", "115", "3", "Markelstraße 9, West, Stuttgart", "West", "http://www.immobilienscout24.de/expose/88873712"
"88873686", "ERSTBEZUG ÜBER DEN DÄCHER | Sehr attraktive hochwertige 3-4 Zi. DG-Mais. ca. 146 qm EbK Balkon++", "1099000", "145", "3", "Markelstraße 9, West, Stuttgart", "West", "http://www.immobilienscout24.de/expose/88873686"
"88862013", "Helle 3-Zimmer Altbauwohnung mit Loggia in Stuttgart-West!", "205000", "60", "3", "West, Stuttgart", "West", "http://www.immobilienscout24.de/expose/88862013"
"88857249", "ON TOP! Luxus auf zwei Ebenen - seltene 45-Zi.-Maisonette-Wohnung im Stuttgarter-Asemwald!", "449000", "122", "4", "Asemwald, Stuttgart", "Asemwald", "http://www.immobilienscout24.de/expose/88857249"
"88846503", "S- Möhringen : Holdermann-Carré = interessante 2 Zimmer Whg. mit zusätzlichem Garten", "248000", "59", "2", "Vaihinger Straße 27, Möhringen, Stuttgart", "Möhringen", "http://www.immobilienscout24.de/expose/88846503"
"88846435", "***Zauberhafte 3-Zimmer-Wohnung mit grandiosem Fernblick in Stuttgart-Ost***", "725000", "106", "3", "Ost, Stuttgart", "Ost", "http://www.immobilienscout24.de/expose/88846435"
"88842531", "Schicke 2012 kernsanierte 3-Zi.-ETW im beliebten LEHENVIERTEL / 2.OG Aufzug PKW-Stellpl.", "345000", "78", "3", "Liststraße _, Süd, Stuttgart", "Süd", "http://www.immobilienscout24.de/expose/88842531"
"88842383", "Charmantes Wohnen in Stuttgart-West – auch für Kapitalanleger interessant", "315000", "85", "4", "West, Stuttgart", "West", "http://www.immobilienscout24.de/expose/88842383"
"88836826", "Verkauft !! Traumhafte Vier-Zimmer-Galeriewohnung mit Loggia im Heusteigviertel", "650000", "121", "4", "Süd, Stuttgart", "Süd", "http://www.immobilienscout24.de/expose/88836826"
"88834463", "Lehenviertel: Schöne Aussicht - ganz oben - mit darüber liegendem Dachraum", "369000", "88", "3", "Süd, Stuttgart", "Süd", "http://www.immobilienscout24.de/expose/88834463"
"88828325", "Gehobenes Wohnen - mit viel Raum und Natur", "698000", "157", "5", "Möhringen, Stuttgart", "Möhringen", "http://www.immobilienscout24.de/expose/88828325"
"88817645", "140M² WOHNEN+ 160M² TERRASSE! EIN ORT DES LEBENS!", "588000", "183", "5", "Ost, Stuttgart", "Ost", "http://www.immobilienscout24.de/expose/88817645"
"88817349", "TOP! Luxus 4 Zi. Whg. ca. 100qm mit 2 Balkonen bezugsfrei in Stuttgart Vaihingen prov.frei", "358000", "100", "4", "Dürrlewang, Stuttgart", "Dürrlewang", "http://www.immobilienscout24.de/expose/88817349"
"88814776", "Bad Cannstatt Zentrum - Frei ab 1.10.2016 Helle 2 Zimmer Wohnung mit Balkon und TG-Stellplatz", "189000", "50", "2", "Bad Cannstatt, Stuttgart", "Bad Cannstatt", "http://www.immobilienscout24.de/expose/88814776"
"88812014", "Dachgeschoss-Maisonette der Extraklasse und toller Aussicht in fantastischer Lage", "1010000", "169", "3", "Heckenrosenweg 9, Heumaden, Stuttgart", "Heumaden", "http://www.immobilienscout24.de/expose/88812014"
"88812009", "Dachgeschoss-Maisonette mit viel Freiraum Balkon und toller Aussicht in fantastischer Lage", "557000", "93", "3", "Heckenrosenweg 9, Heumaden, Stuttgart", "Heumaden", "http://www.immobilienscout24.de/expose/88812009"
"88812000", "Neubau Wohntraum: Helle 4-Zimmer-Wohnung mit traumhafter Aussicht", "828000", "153", "4", "Heckenrosenweg 9, Heumaden, Stuttgart", "Heumaden", "http://www.immobilienscout24.de/expose/88812000"
"88811987", "Spannender Grundriss: Maisonette-Wohnung in traumhafter Lage von Stuttgart", "485000", "81", "3", "Heckenrosenweg 9, Heumaden, Stuttgart", "Heumaden", "http://www.immobilienscout24.de/expose/88811987"
"88811982", "Wohngenuss in top Lage: 2-Zimmer-Wohnung mit Balkon und Tageslichtbad", "365000", "67", "2", "Heckenrosenweg 9, Heumaden, Stuttgart", "Heumaden", "http://www.immobilienscout24.de/expose/88811982"
"88811941", "Neubau 3-Zimmer-Wohnung mit Balkon in traumhafter Lage", "452000", "83", "3", "Heckenrosenweg 9, Heumaden, Stuttgart", "Heumaden", "http://www.immobilienscout24.de/expose/88811941"
"88811892", "Attraktive 2-Zimmer-Wohnung mit großer Terrasse in schöner Lage", "362000", "79", "2", "Heckenrosenweg 9, Heumaden, Stuttgart", "Heumaden", "http://www.immobilienscout24.de/expose/88811892"
"88811796", "DOM zeigt...Schnittmuster! Architektonisch durchdachte  35 Zi.-Eigentumswohnung!", "250000", "85", "3", "Plieningen, Stuttgart", "Plieningen", "http://www.immobilienscout24.de/expose/88811796"
"88808466", "Exquisite Stadtwohnung in grüner Halbhöhenlage von Stuttgart-West", "559000", "107", "3", "West, Stuttgart", "West", "http://www.immobilienscout24.de/expose/88808466"
"88807483", "2 Wohnungen mit Garten", "365000", "145", "6", "Deckerstr 47, Bad Cannstatt, Stuttgart", "Bad Cannstatt", "http://www.immobilienscout24.de/expose/88807483"
"88794899", "Neubau- sofort beziehbar 169 m² Wfl. 2 Balkone Weitsicht mit Aufzug", "895000", "168", "5", "Im Haldenhau 7, Rohr, Stuttgart", "Rohr", "http://www.immobilienscout24.de/expose/88794899"
"88794216", "Panoramablick über Stuttgart! Schöne Maisonettewohnung in ruhiger HHL von Stuttgart-West", "360000", "82", "3", "West, Stuttgart", "West", "http://www.immobilienscout24.de/expose/88794216"
"88790542", "Jugendstil--zentrumsnah--mit exklusivem Eingang", "440000", "123", "3", "Mitte, Stuttgart", "Mitte", "http://www.immobilienscout24.de/expose/88790542"
"88789522", "Urbanes Wohnen in Stuttgart-West – auch für Kapitalanleger interessant", "295000", "79", "4", "West, Stuttgart", "West", "http://www.immobilienscout24.de/expose/88789522"
"88788350", "OPEN HOUSE am Samstag den 25.06. ab 10:00 Uhr", "598000", "140", "3", "Ost, Stuttgart", "Ost", "http://www.immobilienscout24.de/expose/88788350"
"88785853", "Tolles Loft mitten im Stuttgarter-Westen", "690000", "220", "4", "West, Stuttgart", "West", "http://www.immobilienscout24.de/expose/88785853"
"88785221", "**Wunderschöne großzügige 5-Zimmer Wohnung in Stuttgart Rohr**", "529000", "130", "5", "Rohr, Stuttgart", "Rohr", "http://www.immobilienscout24.de/expose/88785221"
"88783161", "Helle 15 Zi.-Whg. (renovierungsbedürftig mit Balkon - ca. 35qm) in Stuttgart - Ost", "79950", "35", "1", "Ost, Stuttgart", "Ost", "http://www.immobilienscout24.de/expose/88783161"
"88777533", "2 Zimmer Altbau-Wohnung im Herzen von Stuttgart zu verkaufen", "200000", "43", "2", "Nord, Stuttgart", "Nord", "http://www.immobilienscout24.de/expose/88777533"
"88769920", "Moderne und barrierefreie Wohnung in Stuttgart-Vaihingen", "295000", "66", "3", "Vaihingen, Stuttgart", "Vaihingen", "http://www.immobilienscout24.de/expose/88769920"
"88768474", "Natur Ausblick Top Lage", "295000", "58", "2", "Rienzistr. 18, Degerloch, Stuttgart", "Degerloch", "http://www.immobilienscout24.de/expose/88768474"
"88767303", "Wohn(t)raum mit herrlichem Blick über Stuttgart", "585000", "113", "2", "Nord, Stuttgart", "Nord", "http://www.immobilienscout24.de/expose/88767303"
"88766875", "2 Zimmerwohnung Stuttgart Kaltental", "269000", "64", "2", "Schwarzwaldstr. 113a, Kaltental, Stuttgart", "Kaltental", "http://www.immobilienscout24.de/expose/88766875"
"88751827", "*** attraktive Seniorenwohnung ***", "264000", "52", "2", "Hauptstraße 28, Vaihingen, Stuttgart", "Vaihingen", "http://www.immobilienscout24.de/expose/88751827"
"88750285", "Zentraler geht nicht: 15 Zimmer Stadtwohnung direkt am Bosch Areal in Stuttgart", "168000", "42", "1", "West, Stuttgart", "West", "http://www.immobilienscout24.de/expose/88750285"
"88729712", "Zentrale 2-Zimmer Wohnung im Stuttgarter Osten zur Kapitalanlage", "139000", "47", "2", "Talstraße 28, Ost, Stuttgart", "Ost", "http://www.immobilienscout24.de/expose/88729712"
"88729710", "Studentenwohnung in Bad Cannstatt", "141000", "61", "2", "Bad Cannstatt, Stuttgart", "Bad Cannstatt", "http://www.immobilienscout24.de/expose/88729710"
"88728659", "35 Zimmer Neubau EG Wohnung in Stuttgart- Rohr", "465000", "95", "3", "Rohr, Stuttgart", "Rohr", "http://www.immobilienscout24.de/expose/88728659"
"88718482", "Charmante Altbauwohnung in Toplage im Stuttgarter Westen", "335000", "90", "4", "West, Stuttgart", "West", "http://www.immobilienscout24.de/expose/88718482"
"88715197", "***Gemütliche 2-Zimmer-Wohnung im Herzen vom Stuttgarter Osten***", "148500", "57", "2", "Ost, Stuttgart", "Ost", "http://www.immobilienscout24.de/expose/88715197"
"88710713", "***Zauberhafte 25-Zimmer-Galerie-Wohnung mit fantastischem Blick in bester Südlage***", "398000", "89", "2", "Vaihingen, Stuttgart", "Vaihingen", "http://www.immobilienscout24.de/expose/88710713"
"88704642", "Urbanes Wohnen auf höchstem Niveau", "598000", "140", "3", "Ost, Stuttgart", "Ost", "http://www.immobilienscout24.de/expose/88704642"
"88694346", "PENTHOUSE IN STUTTGART-FRAUENKOPF", "1375000", "141", "6", "Rohreckweg 19, Frauenkopf, Stuttgart", "Frauenkopf", "http://www.immobilienscout24.de/expose/88694346"
"88688853", "Gründerzeit Altbaucharme... Schöner kernsanierter Altbau hohe Decken...", "165000", "51", "2", "Reichenbachstraße 35, Bad Cannstatt, Stuttgart", "Bad Cannstatt", "http://www.immobilienscout24.de/expose/88688853"
"88685808", "Das "Haus im Haus" Exclusive Wohnung mit Garten  55 Zimmer 158 qm", "599000", "158", "5", "Plieningen, Stuttgart", "Plieningen", "http://www.immobilienscout24.de/expose/88685808"
"88673500", "EXKLUSIVES WOHNEN IN STUTTGART-FRAUENKOPF", "1975000", "249", "6", "Rohreckweg 19, Frauenkopf, Stuttgart", "Frauenkopf", "http://www.immobilienscout24.de/expose/88673500"
"88672153", "Ob Selbstbezug oder Kapitalanlage – hier finden Sie die perfekte Kombination", "1275000", "130", "4", "Mitte, Stuttgart", "Mitte", "http://www.immobilienscout24.de/expose/88672153"
"88648071", "Komplett renovierte 3-Zi.-Whg in begehrter HHL von S-Ost", "485000", "103", "3", "Neue Straße 137, Ost, Stuttgart", "Ost", "http://www.immobilienscout24.de/expose/88648071"
"88647876", "35/4-Zimmerwohnung in bester Lage von Vaihingen - sofort frei", "430000", "106", "3", "Buchfinkenweg 8, Vaihingen, Stuttgart", "Vaihingen", "http://www.immobilienscout24.de/expose/88647876"
"88638772", "Kapitalanlage oder Selbstbezug: ruhige Lage in Gablenberg", "245000", "70", "3", "Ost, Stuttgart", "Ost", "http://www.immobilienscout24.de/expose/88638772"
"88638039", "2 Zi-Wohnung Stuttgart-Ost! Für Kapitalanleger oder Singles! Renoviert praktisch und gut vermietet!", "150000", "44", "2", "Ost, Stuttgart", "Ost", "http://www.immobilienscout24.de/expose/88638039"
"88635107", "EINE IMMOBILIE MIT FERNSICHT !", "292000", "92", "4", "Botnang, Stuttgart", "Botnang", "http://www.immobilienscout24.de/expose/88635107"
"88633955", "DER STUTTGARTER WESTEN - Ein Altbau in zentraler Lage!", "220000", "62", "2", "West, Stuttgart", "West", "http://www.immobilienscout24.de/expose/88633955"
"88633123", "** Außergewöhnliche Altbauwohnung in Bad Cannstatt **", "275000", "109", "3", "Bad Cannstatt, Stuttgart", "Bad Cannstatt", "http://www.immobilienscout24.de/expose/88633123"
"88632777", "Weitblick-Juwel in Höhenlage - Attraktive 3-Zi-Wohnung mit großzügiger Terrasse und Garage", "482500", "114", "3", "Landhausstraße 80, Ost, Stuttgart", "Ost", "http://www.immobilienscout24.de/expose/88632777"
"88630887", "Herrschaftliche 4-Zimmerwohnung im Stuttgarter Westen mit Garten - Sofort beziehbar", "596000", "146", "4", "Rotenwaldstraße 89, West, Stuttgart", "West", "http://www.immobilienscout24.de/expose/88630887"
"88628319", "45 Zimmer Neubau DG Maisonette in Stuttgart- Rohr", "535000", "107", "4", "Rohr, Stuttgart", "Rohr", "http://www.immobilienscout24.de/expose/88628319"
"88628310", "35 Zimmer Neubau OG Wohnung in Stuttgart- Rohr", "475000", "96", "3", "Rohr, Stuttgart", "Rohr", "http://www.immobilienscout24.de/expose/88628310"
"88628301", "45 Zimmer Neubau DG Maisonette in Stuttgart- Rohr", "510000", "101", "4", "Rohr, Stuttgart", "Rohr", "http://www.immobilienscout24.de/expose/88628301"
"88628291", "35 Zimmer Neubau EG Wohnung in Stuttgart- Rohr", "455000", "91", "3", "Rohr, Stuttgart", "Rohr", "http://www.immobilienscout24.de/expose/88628291"
"88620319", "*Von Privat*- Exzellent geschnittene 45-Zi-Wohnung mit Balkon u EBK", "359000", "98", "4", "Weilimdorf, Stuttgart", "Weilimdorf", "http://www.immobilienscout24.de/expose/88620319"
"88618231", "Privatverkauf! Schöne 2 Zimmer Wohnung im Altbau", "125000", "50", "2", "Augsburger Str. 441, Untertürkheim, Stuttgart", "Untertürkheim", "http://www.immobilienscout24.de/expose/88618231"
"88606933", "Das HIGHLIGHT im Stuttgarter Westen", "788000", "109", "4", "West, Stuttgart", "West", "http://www.immobilienscout24.de/expose/88606933"
"88606038", "Traumhafte exklusive 3 Zimmer-Wohnung als Kapitalanlage!!", "392000", "86", "3", "Botnang, Stuttgart", "Botnang", "http://www.immobilienscout24.de/expose/88606038"
"88604929", "35-Zimmer-DG-Wohnung mit Galerie in Toplage von Stuttgart-Schönberg", "385000", "106", "3", "Schönberg, Stuttgart", "Schönberg", "http://www.immobilienscout24.de/expose/88604929"
"88604859", "25-Zimmer-Dachgeschosswohnung mit Loggia und Südausrichtung", "469000", "85", "2", "Hackstraße 1b, Ost, Stuttgart", "Ost", "http://www.immobilienscout24.de/expose/88604859"
"88596838", "Große 2-Zimmerwohnung im Herzen von Vaihingen", "430000", "117", "2", "Vaihingen, Stuttgart", "Vaihingen", "http://www.immobilienscout24.de/expose/88596838"
"88583763", "***Tolle 3-Zimmerwohnung mit 2 Balkonen in Stuttgart Stammheim***CWM", "185000", "68", "3", "Stammheim, Stuttgart", "Stammheim", "http://www.immobilienscout24.de/expose/88583763"
"88582402", "Gemütliche 3 Zi.-Whg. mit Blick ins Grüne++EBK++Aufzug++TG++HMS", "244000", "76", "3", "Möhringen, Stuttgart", "Möhringen", "http://www.immobilienscout24.de/expose/88582402"
"88582400", "Perfekt aufgeteilte 25-Zimmer-Wohnung mit Sonnenbalkon und Blick ins Grüne!", "189000", "64", "2", "Neugereut, Stuttgart", "Neugereut", "http://www.immobilienscout24.de/expose/88582400"
"88580530", "Einladung zum Wohlfühlen", "530000", "143", "2", "Vaihingen, Stuttgart", "Vaihingen", "http://www.immobilienscout24.de/expose/88580530"
"88580515", "2 Zimmer Neubau in ausgezeichneter Architektur mit einem schönen Balkon", "350000", "71", "2", "Imkerstraße 16 - 18, Stammheim, Stuttgart", "Stammheim", "http://www.immobilienscout24.de/expose/88580515"
"88579758", "155 Schöne gut geschnittene 3 Zimmer Wohnung mit Extras in Bad Cannstatt", "230000", "75", "3", "Bad Cannstatt, Stuttgart", "Bad Cannstatt", "http://www.immobilienscout24.de/expose/88579758"
"88571779", "Sofort beziehbare 4-Zimmerwohnung in S-Münster", "269000", "95", "4", "Münster, Stuttgart", "Münster", "http://www.immobilienscout24.de/expose/88571779"
"88564672", "Sehr schöne 3 Zi.Wohnung im Gehrenwald", "290000", "86", "3", "Untertürkheim, Stuttgart", "Untertürkheim", "http://www.immobilienscout24.de/expose/88564672"
"88562787", "Modernisierte 4 Zimmer ETW mit Balkon Aufzug & PKW-Stellplatz", "360000", "93", "4", "Möhringen, Stuttgart", "Möhringen", "http://www.immobilienscout24.de/expose/88562787"
"88551165", "Stufenloser Zugang! Exklusive 35-Zi.-Etagenwohnung in zentraler Lage von S-Vaihingen.", "429000", "95", "3", "Vaihingen, Stuttgart", "Vaihingen", "http://www.immobilienscout24.de/expose/88551165"
"88538841", "S-Killesberg: Exklusive 35-Zimmer-Maisonette-Wohnung mit beherrschendem Stadtblick", "850000", "150", "3", "Nord, Stuttgart", "Nord", "http://www.immobilienscout24.de/expose/88538841"
"88505359", "GEMÜTLICHE DACHWOHNUNG MIT POTENZIAL ! 3- ZI.DG-WOHNUNG im Lehenviertel", "211000", "60", "3", "Süd, Stuttgart", "Süd", "http://www.immobilienscout24.de/expose/88505359"
"88489924", "Komplett sanierte 3 Zimmerwohnung mit Balkon in Stuttgart West", "348500", "79", "3", "West, Stuttgart", "West", "http://www.immobilienscout24.de/expose/88489924"
"88472943", "Gemütliche 35 Zi.-Whg.++EBK++Aufzug++TG++HMS", "244000", "76", "3", "Möhringen, Stuttgart", "Möhringen", "http://www.immobilienscout24.de/expose/88472943"
"88465718", "" Die sonnige Dachgeschoßwohnung ! "", "287000", "99", "5", "Plieningen, Stuttgart", "Plieningen", "http://www.immobilienscout24.de/expose/88465718"
"88465241", "" Die sonnige Terrassenwohnung ! "", "273000", "91", "3", "Plieningen, Stuttgart", "Plieningen", "http://www.immobilienscout24.de/expose/88465241"
"88464983", "" Die Etage ! "", "220000", "87", "2", "Plieningen, Stuttgart", "Plieningen", "http://www.immobilienscout24.de/expose/88464983"
"88464715", "" Die interessante Dachgeschoßwohnung ! "", "209000", "71", "3", "Plieningen, Stuttgart", "Plieningen", "http://www.immobilienscout24.de/expose/88464715"
"88461476", "SIE SUCHEN EINE FREIE 2-ZI.-WHG.? S-SÜD - SOFORT BEZIEHBAR", "225000", "55", "2", "Süd, Stuttgart", "Süd", "http://www.immobilienscout24.de/expose/88461476"
"88450592", "Helle Zweizimmerwohnung - Citynah und dennoch im Grünen !", "195000", "59", "2", "Böblinger Str. 419, Kaltental, Stuttgart", "Kaltental", "http://www.immobilienscout24.de/expose/88450592"
"88415945", "Das GEROK - WOHNEN ERLEBEN", "650000", "125", "4", "Ost, Stuttgart", "Ost", "http://www.immobilienscout24.de/expose/88415945"
"88413555", "Modernes Wohnen in bester Lage!", "993000", "136", "4", "Nord, Stuttgart", "Nord", "http://www.immobilienscout24.de/expose/88413555"
"88405248", "Unikat - Prov. frei - LUXUS Whg. 4 Zi. Whg. mit Gartenanteil u. 2 Balkonen", "358000", "100", "4", "Dürrlewang, Stuttgart", "Dürrlewang", "http://www.immobilienscout24.de/expose/88405248"
"88395440", "Lokaler Marktplatz: Barrierefreie neuwertige 45-Zimmer-Wohnung mit Südbalkon und Aufzug für Haus", "600000", "118", "4", "Degerloch, Stuttgart", "Degerloch", "http://www.immobilienscout24.de/expose/88395440"
"88390703", "Schöner kernsanierter Altbauhohe Deckenoriginal Holzdielen uvm.in guter Lage von Sagt.Ost", "578000", "150", "5", "Ost, Stuttgart", "Ost", "http://www.immobilienscout24.de/expose/88390703"
"88377525", "+++NAHE MILANEUM+++TOP GEPFLEGT+++PARKETT & FLIESEN+++SCHÖNE TERRASSE+++AUFZUG+++HMS+++ETC+++FREI+++", "259000", "51", "2", "Rosensteinstr. 31, Nord, Stuttgart", "Nord", "http://www.immobilienscout24.de/expose/88377525"
"88375543", "Hochwertige Maisonette über den Dächern von Feuerbach", "565000", "132", "4", "Feuerbach, Stuttgart", "Feuerbach", "http://www.immobilienscout24.de/expose/88375543"
"88368181", "2-Zimmer-.Wohnung mit Balkon im Grünen", "170000", "52", "2", "Fasanenhof, Stuttgart", "Fasanenhof", "http://www.immobilienscout24.de/expose/88368181"
"88368071", "s- Möhringen süsse 2 Zimmer Wohnung", "260000", "67", "2", "Winterlingerweg 0, Möhringen, Stuttgart", "Möhringen", "http://www.immobilienscout24.de/expose/88368071"
"88366952", "Erstklassige Gartenwohnung mit großzügiger Terrasse", "550000", "154", "3", "Vaihingen, Stuttgart", "Vaihingen", "http://www.immobilienscout24.de/expose/88366952"
"88354150", "Nur für Geniesser! Einzigartige Maisonette", "399000", "100", "3", "Plieningen, Stuttgart", "Plieningen", "http://www.immobilienscout24.de/expose/88354150"
"88352289", "Wenn Ihre Familie wächst kein Problem... diese Wohnung kann mitwachsen", "232000", "66", "3", "Ost, Stuttgart", "Ost", "http://www.immobilienscout24.de/expose/88352289"
"88347853", "RUHIG + ZENTRAL! Gut geschnittene 3-Zi.-ETW!", "179000", "59", "3", "Bad Cannstatt, Stuttgart", "Bad Cannstatt", "http://www.immobilienscout24.de/expose/88347853"
"88339188", "Sanierte 3- Zimmer Wohnung in TOP Lage in S-Botnang !", "470000", "82", "3", "Botnang, Stuttgart", "Botnang", "http://www.immobilienscout24.de/expose/88339188"
"88335033", "15 Zimmer-Wohnung Frei Renoviert und keine Provision", "165000", "43", "1", "Stammheimer Straße 101 C, Zuffenhausen, Stuttgart", "Zuffenhausen", "http://www.immobilienscout24.de/expose/88335033"
"88327441", "Familienfreundliche 45-Zi-Wohnung mit Aufzug und Balkon in begehrter Wohnlage -PROVISIONSFREI-", "299000", "102", "4", "Botnang, Stuttgart", "Botnang", "http://www.immobilienscout24.de/expose/88327441"
"88323172", "Top Lage trifft exklusive Ausstattung", "893000", "178", "3", "Frauenkopf, Stuttgart", "Frauenkopf", "http://www.immobilienscout24.de/expose/88323172"
"88298231", "***Attraktive 3-Zimmer-Wohnung in zentraler Lage***", "460000", "85", "3", "Herdweg 37, Nord, Stuttgart", "Nord", "http://www.immobilienscout24.de/expose/88298231"
"88291898", "Top sanierte 3 Zimmerwohnung im Stuttgarter Osten zu verkaufen !", "340000", "75", "3", "Ost, Stuttgart", "Ost", "http://www.immobilienscout24.de/expose/88291898"
"88274624", "" Die Etagenwohnung ! "", "227000", "79", "3", "Plieningen, Stuttgart", "Plieningen", "http://www.immobilienscout24.de/expose/88274624"
"88274545", "" Die Dachgeschoßwohnung ! "", "284000", "95", "4", "Plieningen, Stuttgart", "Plieningen", "http://www.immobilienscout24.de/expose/88274545"
"88274209", "" Die Terrassenwohnung ! "", "268000", "90", "3", "Plieningen, Stuttgart", "Plieningen", "http://www.immobilienscout24.de/expose/88274209"
"88274033", "***Kapitalanlage in guter Lage***", "165000", "62", "2", "Stammheim, Stuttgart", "Stammheim", "http://www.immobilienscout24.de/expose/88274033"
"88268777", "S- Möhringen : Holdermann-Carré = 3 Zi.- Whg. mit wunderschönem Eckbalkon", "418000", "87", "3", "Vaihinger Straße 27, Möhringen, Stuttgart", "Möhringen", "http://www.immobilienscout24.de/expose/88268777"
"88268653", "S- Möhringen : Holdermann-Carré = originelle 4 Zimmer Whg. mit Balkon", "452000", "98", "4", "Vaihinger Straße 27, Möhringen, Stuttgart", "Möhringen", "http://www.immobilienscout24.de/expose/88268653"
"88265172", "Gepflegte 35-Zimmer-Eigentumswohnung in Stuttgart-Feuerbach", "210000", "88", "3", "Feuerbach, Stuttgart", "Feuerbach", "http://www.immobilienscout24.de/expose/88265172"
"88244700", "Stuttgart-Ost: 2 Zimmerwohnung mit schöner Gartenterrasse", "190000", "52", "2", "Klippeneckstraße 9, Ost, Stuttgart", "Ost", "http://www.immobilienscout24.de/expose/88244700"
"88242947", "S- Möhringen : Holdermann-Carré = 2 Zimmer Whg. mit sonnigem Balkon", "301000", "60", "2", "Vaihinger Straße 27, Möhringen, Stuttgart", "Möhringen", "http://www.immobilienscout24.de/expose/88242947"
"88242748", "Erstbezug na. Sanierung Luxus-  4 Zi. Whg. ca 100 qm mit 2 Balkonen frei", "358000", "100", "4", "Galeileistr. 30, Dürrlewang, Stuttgart", "Dürrlewang", "http://www.immobilienscout24.de/expose/88242748"
"88191323", "PREISSENKUNG ++ Stuttgart Ost ++ 3-Zimmer Eigentumswohnung", "238000", "84", "3", "Ost, Stuttgart", "Ost", "http://www.immobilienscout24.de/expose/88191323"
"88187815", "Modern Wohnen mit allem Komfort in dieser 4-Zimmer Wohnung", "569000", "95", "4", "Fangelsbachstr. 20, Süd, Stuttgart", "Süd", "http://www.immobilienscout24.de/expose/88187815"
"88164248", "BELIEBTER STUTTGARTER SÜDEN ! SCHÖNE 2 Zi. WOHNUNG", "185000", "46", "2", "Süd, Stuttgart", "Süd", "http://www.immobilienscout24.de/expose/88164248"
"88164167", "1165 qm großer Wohn(T)raum in Stuttgarts neuer Mitte - Balkon + gehobene Ausstattung inclusive!", "619000", "116", "4", "Mönchstraße 17, Nord, Stuttgart", "Nord", "http://www.immobilienscout24.de/expose/88164167"
"88156314", "Sehenswertes Wohnen über den Dächern Botnangs!", "520000", "144", "4", "Botnang, Stuttgart", "Botnang", "http://www.immobilienscout24.de/expose/88156314"
"88153963", "Erstbezug! Attraktive City-Wohnung mit Blick über die Dächer Stuttgarts", "375000", "81", "2", "Hegelstraße 56, West, Stuttgart", "West", "http://www.immobilienscout24.de/expose/88153963"
"88146234", "45 Zi-ETW mit Balkon und EBK", "598000", "152", "4", "Rotenwaldstr. 89, West, Stuttgart", "West", "http://www.immobilienscout24.de/expose/88146234"
"88146217", "exklusive 45 Zi.Wohnung  mit kl. Gartenanteil", "596000", "146", "4", "Rotenwaldstr. 89, West, Stuttgart", "West", "http://www.immobilienscout24.de/expose/88146217"
"88132584", "Helle renovierungsbedürftige 4-Zi-Wohnung mit viel Potenzial", "220000", "87", "4", "Schöne Straße 33, Bad Cannstatt, Stuttgart", "Bad Cannstatt", "http://www.immobilienscout24.de/expose/88132584"
"88115178", "Großzügige 2 1/2 Zimmerwohnung mit Terrasse und Garten (Baubeginn)", "345000", "56", "2", "Planckstraße 2, Ost, Stuttgart", "Ost", "http://www.immobilienscout24.de/expose/88115178"
"88108670", "Singlewohnung oder Kapitalanlage", "149000", "55", "2", "Feuerbach, Stuttgart", "Feuerbach", "http://www.immobilienscout24.de/expose/88108670"
"88038975", "Herrschaftliche 4-Zimmerwohnung im Stuttgarter Westen - Sofort beziehbar", "596000", "152", "4", "Rotenwaldstraße 89, West, Stuttgart", "West", "http://www.immobilienscout24.de/expose/88038975"
"88034570", "4-Zimmer-Wohnung in Stuttgart-Nord »Wohnen am Höhenpark Haus 10«", "525000", "112", "4", "Alarichstraße 1, Feuerbach, Stuttgart", "Feuerbach", "http://www.immobilienscout24.de/expose/88034570"
"88034567", "4-Zimmer-Wohnung in Stuttgart-Nord »Wohnen am Höhenpark Haus 10«", "539000", "119", "4", "Alarichstraße 1, Feuerbach, Stuttgart", "Feuerbach", "http://www.immobilienscout24.de/expose/88034567"
"88034565", "4-Zimmer-Wohnung in Stuttgart-Nord »Wohnen am Höhenpark Haus 13«", "789000", "130", "4", "Maybachstraße 11, Feuerbach, Stuttgart", "Feuerbach", "http://www.immobilienscout24.de/expose/88034565"
"88034563", "3-Zimmer-Wohnung in Stuttgart-Nord »Wohnen am Höhenpark Haus 13«", "577000", "109", "3", "Maybachstraße 11, Feuerbach, Stuttgart", "Feuerbach", "http://www.immobilienscout24.de/expose/88034563"
"88034558", "4-Zimmer-Wohnung in Stuttgart-Nord »Wohnen am Höhenpark Haus 8«", "785000", "138", "4", "Maybachstraße 15, Feuerbach, Stuttgart", "Feuerbach", "http://www.immobilienscout24.de/expose/88034558"
"88034557", "4-Zimmer-Wohnung in Stuttgart-Nord »Wohnen am Höhenpark Haus 8«", "549000", "119", "4", "Maybachstraße 15, Feuerbach, Stuttgart", "Feuerbach", "http://www.immobilienscout24.de/expose/88034557"
"88030470", "Neues Flair in alten Mauern !", "498086", "135", "4", "Untertürkheim, Stuttgart", "Untertürkheim", "http://www.immobilienscout24.de/expose/88030470"
"88014762", "Baugemeinschaft – IM WESTEN WAS NEUES +++ ETW im PWE-Programm der Stadt Stuttgart!", "305000", "79", "3", "Hasenbergstraße 64 B, West, Stuttgart", "West", "http://www.immobilienscout24.de/expose/88014762"
"88014578", "Baugemeinschaft – IM WESTEN WAS NEUES +++ ETW im PWE-Programm der Stadt Stuttgart!", "353000", "80", "3", "Hasenbergstraße 64 B, West, Stuttgart", "West", "http://www.immobilienscout24.de/expose/88014578"
"88014215", "Wunderschöne 3-Zimmerwohnung (barrierefrei )", "750000", "102", "3", "Vaihingen, Stuttgart", "Vaihingen", "http://www.immobilienscout24.de/expose/88014215"
"87950798", "Über den Dächern des Stuttgarter Südens", "129000", "45", "2", "Süd, Stuttgart", "Süd", "http://www.immobilienscout24.de/expose/87950798"
"87946059", "2-Zimer-Wohnung mit Balkon und TG-Platz", "230000", "54", "2", "Ost, Stuttgart", "Ost", "http://www.immobilienscout24.de/expose/87946059"
"87891327", "Ihre persönliche Oase - Penthousewohnung im Stuttgarter-Westen", "1950000", "208", "5", "West, Stuttgart", "West", "http://www.immobilienscout24.de/expose/87891327"
"87862804", "4-Zimmer-Wohnung mit ca. 97 m² Wfl. in Stuttgart-Möhringen", "444900", "97", "4", "Probststraße 33, Möhringen, Stuttgart", "Möhringen", "http://www.immobilienscout24.de/expose/87862804"
"87859412", "Wohnrefugium in Stuttgart-Frauenkopf - 35-Zimmer-ETW mit herrlichem Garten und Blick", "595000", "126", "3", "Frauenkopf, Stuttgart", "Frauenkopf", "http://www.immobilienscout24.de/expose/87859412"
"87857039", "*Wohnung als Kapitalanlage mit 52% Rendite*", "225000", "68", "3", "Birkach, Stuttgart", "Birkach", "http://www.immobilienscout24.de/expose/87857039"
"87830728", "Flexible Nutzung und hohes Entwicklungspotential! 3-Zimmer-Wohnung mit Garten in nachgefragter Lage!", "258000", "82", "3", "Mitte, Stuttgart", "Mitte", "http://www.immobilienscout24.de/expose/87830728"
"87829483", "Traumhafte kernsanierte 4 Zimmer-Wohnung mit großem Balkon!", "461500", "135", "4", "Untertürkheim, Stuttgart", "Untertürkheim", "http://www.immobilienscout24.de/expose/87829483"
"87810903", "*** Attraktive Dachgeschosswohnung*** Kapitalanlage oder Eigennutzung***", "259000", "78", "3", "Süd, Stuttgart", "Süd", "http://www.immobilienscout24.de/expose/87810903"
"87808393", "Neubau Tolle 4-Zimmer Erdgeschoss Wohnung mit Terrasse und Gartenanteil", "524290", "109", "4", "Altenburger Steige 22, Bad Cannstatt, Stuttgart", "Bad Cannstatt", "http://www.immobilienscout24.de/expose/87808393"
"87787138", "3 Zimmer Erdgeschoss-Wohnung", "120000", "68", "3", "Obertürkheim, Stuttgart", "Obertürkheim", "http://www.immobilienscout24.de/expose/87787138"
"87754731", "Das Rosenberg - Modern konzipierts Wohnen für Menschen mit Anspruch", "776400", "126", "4", "West, Stuttgart", "West", "http://www.immobilienscout24.de/expose/87754731"
"87731391", "Moderne 45 Zimmer Wohnung mit Traumblick in S- Asemwald", "399000", "137", "4", "Asemwald, Stuttgart", "Asemwald", "http://www.immobilienscout24.de/expose/87731391"
"87619046", "45 Penthousewohnung in Stuttgart-Heumaden", "580000", "121", "4", "Heumaden, Stuttgart", "Heumaden", "http://www.immobilienscout24.de/expose/87619046"
"87611111", "Neubau 4-Zimmer Wohnung mit Balkon im 1.OG mit Aufzug", "509860", "106", "4", "Altenburger Steige 22, Bad Cannstatt, Stuttgart", "Bad Cannstatt", "http://www.immobilienscout24.de/expose/87611111"
"87610965", "Neubau 5-Zimmer Wohnung mit Hauscharakter und Gartenanteil", "772500", "150", "5", "Altenburger Steige 22, Bad Cannstatt, Stuttgart", "Bad Cannstatt", "http://www.immobilienscout24.de/expose/87610965"
"87610876", "Tolle Aussicht 5-Zimmer Wohnung mit Loggia im DG und Garage", "936990", "174", "5", "Altenburger Steige 22, Bad Cannstatt, Stuttgart", "Bad Cannstatt", "http://www.immobilienscout24.de/expose/87610876"
"87610802", "Toller Neubau 4-Zimmer Wohnung mit Balkon im 2.OG und Carport", "556500", "106", "4", "Altenburger Steige 22, Bad Cannstatt, Stuttgart", "Bad Cannstatt", "http://www.immobilienscout24.de/expose/87610802"
"87575849", "Stuttgart-Mitte: Großzügige 3-ZW mit 127 m²", "862090", "127", "3", "Mitte, Stuttgart", "Mitte", "http://www.immobilienscout24.de/expose/87575849"
"87573638", "Kapitalanlage mit Potenzial", "108000", "35", "1", "Hofen, Stuttgart", "Hofen", "http://www.immobilienscout24.de/expose/87573638"
"87562306", "***Platz für die gesamte Familie - Großzügige 5-Zi-Wohnung mit Garten***", "699000", "135", "5", "Herdweg 37, Nord, Stuttgart", "Nord", "http://www.immobilienscout24.de/expose/87562306"
"87561923", "**Bestlage**S-West**Helle 3-Zimmer Whg. mit 2 Balkonen Keller uvm.**", "320000", "70", "3", "West, Stuttgart", "West", "http://www.immobilienscout24.de/expose/87561923"
"87525929", "Gepflegte Eigentumswohnung in ruhiger und zentraler Lage!", "165000", "50", "2", "Ost, Stuttgart", "Ost", "http://www.immobilienscout24.de/expose/87525929"
"87507102", "Renoviert mit großem sonnigen Balkon(12qm) in ruhigerdurchgrünter und zentraler Lage von Stgt.Rot", "342000", "112", "5", "Rot, Stuttgart", "Rot", "http://www.immobilienscout24.de/expose/87507102"
"87496268", "2 Etagen als sichere Kapitalanlage oder zum Wohnen und Arbeiten unter einem Dach", "395000", "173", "5", "Ost, Stuttgart", "Ost", "http://www.immobilienscout24.de/expose/87496268"
"87495529", "Renovierte 2 Zimmer Wohnung im Westen", "199000", "56", "2", "West, Stuttgart", "West", "http://www.immobilienscout24.de/expose/87495529"
"87460384", "TOP-Kapitalanlage in zentraler Lage mit TG-Stellplatz!!! -PROVISIONSFREI", "199000", "52", "2", "Burgstallstr. 66, Süd, Stuttgart", "Süd", "http://www.immobilienscout24.de/expose/87460384"
"87453946", "Gartenwohnung in Stuttgart-Riedenberg ruhig und grün gelegen", "280000", "86", "2", "Dattelweg 000, Riedenberg, Stuttgart", "Riedenberg", "http://www.immobilienscout24.de/expose/87453946"
"87412713", "große DG-Wohnung mit Südbalkon-vermietet", "328000", "86", "2", "Rotenwaldstr. 89, West, Stuttgart", "West", "http://www.immobilienscout24.de/expose/87412713"
"87412610", "45 Zi. ETW im Terrassenhaus mit Balkon", "381600", "106", "4", "Burghaldenweg 9, Feuerbach, Stuttgart", "Feuerbach", "http://www.immobilienscout24.de/expose/87412610"
"87408801", "1 Zimmer Wohnung mitten in der Stuttgarter City", "149000", "37", "1", "West, Stuttgart", "West", "http://www.immobilienscout24.de/expose/87408801"
"87404460", "3 Zi. WHG. MIT BALKON - KAPITALANLAGE IM LEHENVIERTEL", "360000", "90", "3", "Süd, Stuttgart", "Süd", "http://www.immobilienscout24.de/expose/87404460"
"87360589", "***Traumhafte 25-Zimmer DG-Maisonette mit Loftcharakter***", "735000", "136", "2", "Herdweg 37, Nord, Stuttgart", "Nord", "http://www.immobilienscout24.de/expose/87360589"
"87338588", "***Sonnige 4-Zimmer-Wohnung in begehrter Lage***", "560000", "103", "4", "Herdweg 37, Nord, Stuttgart", "Nord", "http://www.immobilienscout24.de/expose/87338588"
"87268019", "Absolute Rarität ° 35 Zi Wohnung im Stuttgarter Westen", "585000", "105", "3", "West, Stuttgart", "West", "http://www.immobilienscout24.de/expose/87268019"
"87225695", "Renovierunsbedürftige 3 Zimmer Wohnung in Bad Cannstatt", "155000", "55", "3", "Bad Cannstatt, Stuttgart", "Bad Cannstatt", "http://www.immobilienscout24.de/expose/87225695"
"87169308", "Wohnen mitten im Leben – 4-Zimmer-Wohnung im 2. Obergeschoss (Wohnung-Nr. 22 Haus F)", "546200", "105", "4", "Birkenwaldstraße 41, Nord, Stuttgart", "Nord", "http://www.immobilienscout24.de/expose/87169308"
"87129869", "Sehr zentral gelegene bezugsfreie 2-Zimmer-Wohnung", "95000", "28", "2", "Nordbahnhofstraße 193, Nord, Stuttgart", "Nord", "http://www.immobilienscout24.de/expose/87129869"
"87100899", "Dachterrassen-Wohnung", "535000", "148", "5", "Rohracker, Stuttgart", "Rohracker", "http://www.immobilienscout24.de/expose/87100899"
"87089567", "Aussichtslage im Stuttgarter-Westen", "639800", "86", "3", "West, Stuttgart", "West", "http://www.immobilienscout24.de/expose/87089567"
"87089566", "Eine perfekt geplante 5-Zimmer-Wohnung  in Halbhöhenaussichtslage", "874500", "140", "5", "West, Stuttgart", "West", "http://www.immobilienscout24.de/expose/87089566"
"87077991", "Altes Haus mit neuem Flair!", "385614", "116", "4", "Untertürkheim, Stuttgart", "Untertürkheim", "http://www.immobilienscout24.de/expose/87077991"
"87036290", "*WOW! Große- Traumhafte 5 Zi. Erdgeschosswohnung in Stuttgart-Freiberg..", "289000", "96", "5", "Freiberg, Stuttgart", "Freiberg", "http://www.immobilienscout24.de/expose/87036290"
"87014459", "2 Zimmer ETW in Stuttgart Süd Lehenstraße Jugendstilhaus", "185000", "39", "2", "Lehenstraße 1, Süd, Stuttgart", "Süd", "http://www.immobilienscout24.de/expose/87014459"
"87014161", "Objekt in der Stuttgarter City Provisionsfrei sehr gefragte Lage", "215000", "50", "2", "Bebelstraße (Hinterhaus) 1, West, Stuttgart", "West", "http://www.immobilienscout24.de/expose/87014161"
"86982360", "25-Zimmer-Wohnung U-Bahn-Nähe", "189000", "60", "2", "Rot, Stuttgart", "Rot", "http://www.immobilienscout24.de/expose/86982360"
"86947756", "Zauberhafte 2-Zimmerwohnung in zentraler und begehrter Lage!", "175000", "45", "2", "Nord, Stuttgart", "Nord", "http://www.immobilienscout24.de/expose/86947756"
"86883982", "152 Hier treffen Sie auf ein Raum- und Wohnkonzept das allen Wünschen gerecht wird", "245000", "85", "3", "Zuffenhausen, Stuttgart", "Zuffenhausen", "http://www.immobilienscout24.de/expose/86883982"
"86801938", "Helle ideal geschnittene 35 Zimmerwohnung auf Rohrer Höhe mit Blick auf den Fernsehturm", "350000", "87", "3", "Am Ochsenwald 30, Rohr, Stuttgart", "Rohr", "http://www.immobilienscout24.de/expose/86801938"
"86765908", "HOCHWERTIGE KOMFORTABLE EG-WOHNUNG MIT GARTEN*GROSSZÜGIG UND HELL", "699000", "134", "4", "Nord, Stuttgart", "Nord", "http://www.immobilienscout24.de/expose/86765908"
"86765811", "LIFESTYLE UND VIEL LICHT ! DIESEN TRAUM MÜSSEN SIE GESEHEN HABEN !", "735000", "136", "2", "Nord, Stuttgart", "Nord", "http://www.immobilienscout24.de/expose/86765811"
"86765807", "STILVOLLE GROSSZÜGIGE 3-Zi.-WOHNUNG MIT EBK UND BALKON*NÄHE KILLESBERG", "560000", "101", "3", "Nord, Stuttgart", "Nord", "http://www.immobilienscout24.de/expose/86765807"
"86765796", "CHARMANTE 3-Zi. WHG. MIT EBK UND BALKON*NUR WENIGE MINUTEN VOM ZENTRUM", "460000", "84", "3", "Nord, Stuttgart", "Nord", "http://www.immobilienscout24.de/expose/86765796"
"86749167", "ANGESAGTES LEHENVIERTEL ! 2 ZIMMER IM STUTTGARTER SÜDEN !", "195000", "47", "2", "Süd, Stuttgart", "Süd", "http://www.immobilienscout24.de/expose/86749167"
"86749105", "BELIEBTE 2 ZIMMER WOHNUNG IM STUTTGARTER SÜDEN !", "220000", "55", "2", "Süd, Stuttgart", "Süd", "http://www.immobilienscout24.de/expose/86749105"
"86748678", "KAPITALANLAGE IN STUTTGART SÜD ! TOLLE 2 ZI. WHG. IM EG", "170000", "47", "3", "Süd, Stuttgart", "Süd", "http://www.immobilienscout24.de/expose/86748678"
"86748445", "SCHÖNE 2 ZIMMER EG-WOHNUNG IM SÜDEN !", "170000", "45", "2", "Süd, Stuttgart", "Süd", "http://www.immobilienscout24.de/expose/86748445"
"86729945", "SCHÖNE WOHNLAGE IM SÜDEN ! 2 Zi.Whg. IM DACHGESCHOSS", "230000", "56", "2", "Süd, Stuttgart", "Süd", "http://www.immobilienscout24.de/expose/86729945"
"86729941", "FREI AB 01.08.16 -WOHNEN IM FACETTENREICHEN LEHENVIERTEL-SCHÖNE 3 ZI.WHG.", "310000", "76", "3", "Süd, Stuttgart", "Süd", "http://www.immobilienscout24.de/expose/86729941"
"86641986", "In renoviertem Haus nähe Augsburger Platz in relativ ruhiger und zentraler Lage von Cannstatt", "235000", "78", "3", "Bad Cannstatt, Stuttgart", "Bad Cannstatt", "http://www.immobilienscout24.de/expose/86641986"
"86626869", "Rarität in S-Uhlbach: 2 Wohnungen mit Haus in Haus Charakter", "595000", "195", "6", "Uhlbach, Stuttgart", "Uhlbach", "http://www.immobilienscout24.de/expose/86626869"
"86606060", "KLASSIZISTISCHE WOHNETAGE IN RUHIGER STADTLAGE", "850000", "180", "4", "Mitte, Stuttgart", "Mitte", "http://www.immobilienscout24.de/expose/86606060"
"86574571", "WOHNEN IN BEGEHRTER LAGE VON BAD CANNSTATT", "269000", "85", "4", "Melanchthonstraße 17, Bad Cannstatt, Stuttgart", "Bad Cannstatt", "http://www.immobilienscout24.de/expose/86574571"
"86275270", "25-DG-Wohnung im Stuttgarter Westen mit Dachloggia - VERMIETET", "328000", "86", "2", "Rotenwaldstraße 89, West, Stuttgart", "West", "http://www.immobilienscout24.de/expose/86275270"
"86233790", "Einzigartige Jugendstil-Traumwohnung mit Aufzug und Stadtblick in Nähe S–Heusteigviertel/Bopser", "1195000", "263", "7", "Mitte, Stuttgart", "Mitte", "http://www.immobilienscout24.de/expose/86233790"
"86113436", "Großzügig und neuwertig", "369000", "86", "3", "West, Stuttgart", "West", "http://www.immobilienscout24.de/expose/86113436"
"85948474", "3 Zi. Dachgeschosswohnung in einer super Lage von Uhlbach", "123000", "49", "3", "Uhlbach, Stuttgart", "Uhlbach", "http://www.immobilienscout24.de/expose/85948474"
"85948174", "Schöne 3 Zi. Wohnung mit Balkon in einer super Lage von Uhlbach", "157000", "65", "3", "Uhlbach, Stuttgart", "Uhlbach", "http://www.immobilienscout24.de/expose/85948174"
"85947624", "Schöne 3 Zi.Wohnung mit Garten in einer super Lage von Uhlbach", "175000", "65", "3", "Uhlbach, Stuttgart", "Uhlbach", "http://www.immobilienscout24.de/expose/85947624"
"85545240", "Exklusive Wohnungen in Stuttgarts Halbhöhenlage  (Baubeginn ist erfolgt)", "452000", "92", "2", "Planckstraße 2, Ost, Stuttgart", "Ost", "http://www.immobilienscout24.de/expose/85545240"
"85530565", "Eigentumswohnung " traumhafte Sonnenlage" 137qm über 2 Ebenen eigener Garten 285qm", "820000", "137", "4", "Gartenstrasse 77, Vaihingen, Stuttgart", "Vaihingen", "http://www.immobilienscout24.de/expose/85530565"
"85511570", "Vermietete 2-Zimmer-Wohnung zur Kapitalanlage", "149000", "64", "2", "Wagenburgstr. 106, Ost, Stuttgart", "Ost", "http://www.immobilienscout24.de/expose/85511570"
"85497895", "*** ELEGANTES PENTHOUSE MIT NIVEAU & KOMFORT *** letzte verfügbare Wohnung *** Fertigstellung 2017", "1500000", "172", "4", "Leibnizstraße 83, West, Stuttgart", "West", "http://www.immobilienscout24.de/expose/85497895"
"85390513", "Attraktive 3-Zi.-ETW mit Balkon in schöner Wohnlage", "320000", "88", "3", "Stammheim, Stuttgart", "Stammheim", "http://www.immobilienscout24.de/expose/85390513"
"85366317", "Stuttgart: Wohnen am Rande der Weinberge", "244000", "79", "3", "Untertürkheim, Stuttgart", "Untertürkheim", "http://www.immobilienscout24.de/expose/85366317"
"85348499", "Schnuckelige 2-Zimmer- Erdgeschosswohnung mit Terrasse und Garten in Stuttgart-Vaihingen", "210000", "54", "2", "Vaihingen, Stuttgart", "Vaihingen", "http://www.immobilienscout24.de/expose/85348499"
"84871055", "++NUR NOCH 2 WOHNUNGEN++KERNSANIERTE 3-4 ZI.-WOHNUNG MIT CA. 280 M² GR. STADTGARTEN++", "948000", "127", "4", "Leibnizstrasse 53, West, Stuttgart", "West", "http://www.immobilienscout24.de/expose/84871055"
"84760015", "- GELEGENHEIT - 5 ZIMMER WOHNUNG BAD CANNSTATT...", "340000", "130", "5", "Bad Cannstatt, Stuttgart", "Bad Cannstatt", "http://www.immobilienscout24.de/expose/84760015"
"84727870", "2 Zimmerwohnung in Canstatt Zentrum", "117500", "53", "2", "Bad Cannstatt, Stuttgart", "Bad Cannstatt", "http://www.immobilienscout24.de/expose/84727870"
"84711589", "Attraktive 2-Zimmer-Wohnung mit Balkon in Stuttgart-Vaihingen", "149000", "45", "2", "Vaihingen, Stuttgart", "Vaihingen", "http://www.immobilienscout24.de/expose/84711589"
"84587957", "Zwei Balkone - Moderne Architektur - Großzügig - Das Rosenberg", "482800", "80", "2", "West, Stuttgart", "West", "http://www.immobilienscout24.de/expose/84587957"
"84469626", "Souterrain Gewerbe im Stuttgarter Westen! - Ideal als Büro Lager oder auch Atelier.", "169000", "54", "3", "West, Stuttgart", "West", "http://www.immobilienscout24.de/expose/84469626"
"84331304", "Provisionsfreie Wohnung zu verkaufen", "110000", "42", "2", "Rohracker, Stuttgart", "Rohracker", "http://www.immobilienscout24.de/expose/84331304"
"84308055", "Super Angebot - Gemütliche Wohnung -", "148000", "60", "3", "Untertürkheim, Stuttgart", "Untertürkheim", "http://www.immobilienscout24.de/expose/84308055"
"84130922", "STILVOLLE 35 Zimmer Maisonette-Wohnung direkt in Bad Cannstatt", "370000", "117", "3", "Bad Cannstatt, Stuttgart", "Bad Cannstatt", "http://www.immobilienscout24.de/expose/84130922"
"83932327", "Zeitgeist und Luxus für ein modernes LEBEN!!!", "629300", "119", "3", "West, Stuttgart", "West", "http://www.immobilienscout24.de/expose/83932327"
"83894901", "*Kapitalanlage* 3-Zimmer Wohnung in Fasanenhof", "200000", "80", "3", "Fasanenhof, Stuttgart", "Fasanenhof", "http://www.immobilienscout24.de/expose/83894901"
"83847104", "Schöne 4-Zimmer-Wohnung im Herzen von Heldelfingen", "235000", "70", "4", "Hedelfingen, Stuttgart", "Hedelfingen", "http://www.immobilienscout24.de/expose/83847104"
"83402957", "Über den Dächern von Stuttgart: 3-Zi-Maisonette-Wohnung 6. u. 7. OG Einbaukü. TG-Stellpl.", "407000", "82", "3", "Nord, Stuttgart", "Nord", "http://www.immobilienscout24.de/expose/83402957"
"82978665", "++NUR NOCH 2 WOHNUNGEN++HOCHWERTIGE 3 - 4 ZIMMERWOHNUNG IN GEHOBENER WOHNLAGE++", "917000", "132", "4", "Leibnizstraße 53, West, Stuttgart", "West", "http://www.immobilienscout24.de/expose/82978665"
"82969303", "Attraktive 3-Zimmer-Eigentumswohnung in guter Lage von Stuttgart-Möhringen", "155000", "57", "3", "Möhringen, Stuttgart", "Möhringen", "http://www.immobilienscout24.de/expose/82969303"
"82767000", "Wohnung in Toplage", "1585000", "203", "5", "Nord, Stuttgart", "Nord", "http://www.immobilienscout24.de/expose/82767000"
"82766979", "Exclusive Maisonettewohnung", "1450000", "183", "5", "Nord, Stuttgart", "Nord", "http://www.immobilienscout24.de/expose/82766979"
"82725393", "Neuwertige 35-Zimmer-Wohnung mit  Stuttgart-Vaihingen", "380000", "76", "3", "Vaihingen, Stuttgart", "Vaihingen", "http://www.immobilienscout24.de/expose/82725393"
"82634504", "4- Zimmer- Neubau OG- Wohnung in S- Dachswald", "665000", "126", "4", "Vaihingen, Stuttgart", "Vaihingen", "http://www.immobilienscout24.de/expose/82634504"
"82578294", "Lokaler Marktplatz - Biete barrierefreie 4-Zi.-OG-Wohnung mit 2 Balkonen für Haus/Whg. mit Garten", "400000", "87", "4", "Ost, Stuttgart", "Ost", "http://www.immobilienscout24.de/expose/82578294"
"82512483", "Komplett sanierte 2-Zimmer-Wohnung mit Südterasse moderner Einbauküche und Garage in Hanglage", "145000", "53", "2", "Hedelfingen, Stuttgart", "Hedelfingen", "http://www.immobilienscout24.de/expose/82512483"
"82223009", "Tolle Aussichten in Stuttgart!!!!", "169000", "57", "2", "Ost, Stuttgart", "Ost", "http://www.immobilienscout24.de/expose/82223009"
"81744970", "Zentrumsnahe helle 4 Zi-Whg. mit Altbauflair in S-West von Privat", "235000", "70", "4", "West, Stuttgart", "West", "http://www.immobilienscout24.de/expose/81744970"
"80492132", "Luft und Licht  -  Ruhig und zentral", "524500", "88", "3", "West, Stuttgart", "West", "http://www.immobilienscout24.de/expose/80492132"
"80489182", "Attraktive Galerie-Wohnung in Stuttgart-Zuffenhausen", "498400", "114", "3", "Hördtstraße 20, Zuffenhausen, Stuttgart", "Zuffenhausen", "http://www.immobilienscout24.de/expose/80489182"
"80375960", "DAS ROSENBERG.........das Beste was Stuttgart zurzeit zu bieten hat !", "584400", "97", "3", "West, Stuttgart", "West", "http://www.immobilienscout24.de/expose/80375960"
"80241462", "Das HIGHLIGHT im Stuttgarter Westen", "569500", "84", "3", "West, Stuttgart", "West", "http://www.immobilienscout24.de/expose/80241462"
"80241461", "Die Toplage im Stuttgarter Westen !!!", "659900", "104", "3", "West, Stuttgart", "West", "http://www.immobilienscout24.de/expose/80241461"
"80224166", ""Letzte" Designer Wohnung großer Süd-Balkon!!", "776400", "126", "4", "West, Stuttgart", "West", "http://www.immobilienscout24.de/expose/80224166"
"80224153", "Kapitalsicherung im Herzen von Stuttgart", "511800", "79", "2", "West, Stuttgart", "West", "http://www.immobilienscout24.de/expose/80224153"
"80043045", "In sonniger Hanglage - mit großem Garten", "530000", "121", "3", "Heumaden, Stuttgart", "Heumaden", "http://www.immobilienscout24.de/expose/80043045"
"78985930", "Renovierte Altbauwohnung im Zentrum von Bad Cannstatt-Seelberg", "234000", "76", "3", "Wörshofenerstr. 33, Bad Cannstatt, Stuttgart", "Bad Cannstatt", "http://www.immobilienscout24.de/expose/78985930"
"78798392", "KAPITALANLAGE auf Erbbauzins", "284500", "101", "5", "Kaisersbacher Straße 18, Bad Cannstatt, Stuttgart", "Bad Cannstatt", "http://www.immobilienscout24.de/expose/78798392"
"78798386", "Solide vermietete Wohnung auf Erbbauzins", "154000", "64", "2", "Kaisersbacher Straße 20, Bad Cannstatt, Stuttgart", "Bad Cannstatt", "http://www.immobilienscout24.de/expose/78798386"
"78638970", "Penthouse in bester Panoramalage - Im Einklang mit der Natur", "950000", "148", "4", "Heumaden, Stuttgart", "Heumaden", "http://www.immobilienscout24.de/expose/78638970"
"78565951", "Das Rosenberg - Urbanerleben im Westen", "559800", "84", "3", "West, Stuttgart", "West", "http://www.immobilienscout24.de/expose/78565951"
"78045957", "4-Zimmer-Wohnung in Stuttgart-Nord »Stadtwohnen in S-Rosenstein 4b 5 7«", "676000", "131", "4", "Nordbahnhofstraße 41, Nord, Stuttgart", "Nord", "http://www.immobilienscout24.de/expose/78045957"
"77535263", ""WELCOME HOME" -  Jetzt Baubeginn-4 Zimmer ETW in Stgt - Möhringen", "491500", "119", "4", "Plieninger Strasse 42, Möhringen, Stuttgart", "Möhringen", "http://www.immobilienscout24.de/expose/77535263"
"77507418", ".:: 3-Zi.-Wohnung in Stuttgart-Fasanenhof ::.", "185000", "59", "3", "Kurt-Schumacher-Str  171, Fasanenhof, Stuttgart", "Fasanenhof", "http://www.immobilienscout24.de/expose/77507418"
"76055475", "Wohnen leben arbeiten im Zentrum Stuttgarts", "230000", "82", "3", "Mitte, Stuttgart", "Mitte", "http://www.immobilienscout24.de/expose/76055475"
"76054923", "Wohnen leben arbeiten- ideale Studenten-WG", "450000", "162", "6", "Mitte, Stuttgart", "Mitte", "http://www.immobilienscout24.de/expose/76054923"
"70477088", "HEUSTEIGVIERTEL IM ZENTRUM VON STUTTGART", "590000", "107", "4", "Schlosserstrasse 17, Mitte, Stuttgart", "Mitte", "http://www.immobilienscout24.de/expose/70477088"
"65776710", "Vermietete zentral gelegene Eigentumswohnung - nur an Kapitalanleger!", "94000", "36", "1", "Rot, Stuttgart", "Rot", "http://www.immobilienscout24.de/expose/65776710"
"78045957", "4-Zimmer-Wohnung in Stuttgart-Nord »Stadtwohnen in S-Rosenstein 4b 5 7«", "676000", "131", "4", "Nordbahnhofstraße 41, Nord, Stuttgart", "Nord", "http://www.immobilienscout24.de/expose/78045957"
"77535263", ""WELCOME HOME" -  Jetzt Baubeginn-4 Zimmer ETW in Stgt - Möhringen", "491500", "119", "4", "Plieninger Strasse 42, Möhringen, Stuttgart", "Möhringen", "http://www.immobilienscout24.de/expose/77535263"
"77507418", ".:: 3-Zi.-Wohnung in Stuttgart-Fasanenhof ::.", "185000", "59", "3", "Kurt-Schumacher-Str  171, Fasanenhof, Stuttgart", "Fasanenhof", "http://www.immobilienscout24.de/expose/77507418"
"76055475", "Wohnen leben arbeiten im Zentrum Stuttgarts", "230000", "82", "3", "Mitte, Stuttgart", "Mitte", "http://www.immobilienscout24.de/expose/76055475"
"76054923", "Wohnen leben arbeiten- ideale Studenten-WG", "450000", "162", "6", "Mitte, Stuttgart", "Mitte", "http://www.immobilienscout24.de/expose/76054923"
"70477088", "HEUSTEIGVIERTEL IM ZENTRUM VON STUTTGART", "590000", "107", "4", "Schlosserstrasse 17, Mitte, Stuttgart", "Mitte", "http://www.immobilienscout24.de/expose/70477088"
"65776710", "Vermietete zentral gelegene Eigentumswohnung - nur an Kapitalanleger!", "94000", "36", "1", "Rot, Stuttgart", "Rot", "http://www.immobilienscout24.de/expose/65776710"
"78045957", "4-Zimmer-Wohnung in Stuttgart-Nord »Stadtwohnen in S-Rosenstein 4b 5 7«", "676000", "131", "4", "Nordbahnhofstraße 41, Nord, Stuttgart", "Nord", "http://www.immobilienscout24.de/expose/78045957"
"77535263", ""WELCOME HOME" -  Jetzt Baubeginn-4 Zimmer ETW in Stgt - Möhringen", "491500", "119", "4", "Plieninger Strasse 42, Möhringen, Stuttgart", "Möhringen", "http://www.immobilienscout24.de/expose/77535263"
"77507418", ".:: 3-Zi.-Wohnung in Stuttgart-Fasanenhof ::.", "185000", "59", "3", "Kurt-Schumacher-Str  171, Fasanenhof, Stuttgart", "Fasanenhof", "http://www.immobilienscout24.de/expose/77507418"
"76055475", "Wohnen leben arbeiten im Zentrum Stuttgarts", "230000", "82", "3", "Mitte, Stuttgart", "Mitte", "http://www.immobilienscout24.de/expose/76055475"
"76054923", "Wohnen leben arbeiten- ideale Studenten-WG", "450000", "162", "6", "Mitte, Stuttgart", "Mitte", "http://www.immobilienscout24.de/expose/76054923"
"70477088", "HEUSTEIGVIERTEL IM ZENTRUM VON STUTTGART", "590000", "107", "4", "Schlosserstrasse 17, Mitte, Stuttgart", "Mitte", "http://www.immobilienscout24.de/expose/70477088"
"65776710", "Vermietete zentral gelegene Eigentumswohnung - nur an Kapitalanleger!", "94000", "36", "1", "Rot, Stuttgart", "Rot", "http://www.immobilienscout24.de/expose/65776710"
